q_w_int,q_x_int,q_y_int,q_z_int,q_w_fixed,q_x_fixed,q_y_fixed,q_z_fixed
16384,65518,10,65519,1.0,-0.0010986328125,0.0006103515625,-0.00103759765625
16384,65500,19,65501,1.0,-0.002197265625,0.00115966796875,-0.00213623046875
16384,65481,27,65483,1.0,-0.00335693359375,0.00164794921875,-0.00323486328125
16384,65462,35,65465,1.0,-0.0045166015625,0.00213623046875,-0.00433349609375
16384,65442,43,65446,1.0,-0.0057373046875,0.00262451171875,-0.0054931640625
16384,65420,50,65426,1.0,-0.007080078125,0.0030517578125,-0.0067138671875
16384,65396,57,65405,1.0,-0.008544921875,0.00347900390625,-0.00799560546875
16384,65370,64,65383,1.0,-0.0101318359375,0.00390625,-0.00933837890625
16384,65342,70,65360,1.0,-0.0118408203125,0.0042724609375,-0.0107421875
16383,65310,76,65335,0.99993896484375,-0.0137939453125,0.004638671875,-0.01226806640625
16382,65275,82,65308,0.9998779296875,-0.01593017578125,0.0050048828125,-0.013916015625
16381,65237,87,65279,0.99981689453125,-0.01824951171875,0.00531005859375,-0.01568603515625
16380,65196,91,65248,0.999755859375,-0.020751953125,0.00555419921875,-0.017578125
16378,65151,94,65215,0.9996337890625,-0.02349853515625,0.0057373046875,-0.01959228515625
16376,65103,97,65180,0.99951171875,-0.02642822265625,0.00592041015625,-0.021728515625
16374,65053,99,65144,0.9993896484375,-0.02947998046875,0.00604248046875,-0.02392578125
16371,65002,100,65107,0.99920654296875,-0.0325927734375,0.006103515625,-0.02618408203125
16368,64951,100,65069,0.9990234375,-0.03570556640625,0.006103515625,-0.02850341796875
16365,64900,99,65032,0.99884033203125,-0.038818359375,0.00604248046875,-0.03076171875
16362,64851,97,64995,0.9986572265625,-0.04180908203125,0.00592041015625,-0.03302001953125
16359,64803,95,64959,0.99847412109375,-0.04473876953125,0.00579833984375,-0.03521728515625
16355,64758,92,64925,0.99822998046875,-0.0474853515625,0.005615234375,-0.03729248046875
16351,64715,88,64892,0.99798583984375,-0.05010986328125,0.00537109375,-0.039306640625
16348,64674,84,64861,0.997802734375,-0.0526123046875,0.005126953125,-0.04119873046875
16344,64635,79,64831,0.99755859375,-0.05499267578125,0.00482177734375,-0.04302978515625
16340,64597,74,64802,0.997314453125,-0.05731201171875,0.0045166015625,-0.0447998046875
16336,64560,70,64774,0.9970703125,-0.0595703125,0.0042724609375,-0.0465087890625
16332,64524,66,64747,0.996826171875,-0.061767578125,0.0040283203125,-0.04815673828125
16328,64488,62,64721,0.99658203125,-0.06396484375,0.0037841796875,-0.04974365234375
16324,64451,59,64695,0.996337890625,-0.06622314453125,0.00360107421875,-0.05133056640625
16320,64413,57,64670,0.99609375,-0.06854248046875,0.00347900390625,-0.0528564453125
16316,64374,55,64646,0.995849609375,-0.0709228515625,0.00335693359375,-0.0543212890625
16311,64333,54,64622,0.99554443359375,-0.07342529296875,0.0032958984375,-0.0557861328125
16306,64290,54,64598,0.9952392578125,-0.0760498046875,0.0032958984375,-0.0572509765625
16301,64246,54,64574,0.99493408203125,-0.0787353515625,0.0032958984375,-0.0587158203125
16295,64200,55,64550,0.99456787109375,-0.08154296875,0.00335693359375,-0.0601806640625
16290,64154,57,64526,0.9942626953125,-0.0843505859375,0.00347900390625,-0.0616455078125
16284,64109,60,64503,0.993896484375,-0.08709716796875,0.003662109375,-0.06304931640625
16279,64066,64,64481,0.99359130859375,-0.0897216796875,0.00390625,-0.06439208984375
16274,64025,68,64460,0.9932861328125,-0.09222412109375,0.004150390625,-0.065673828125
16269,63985,71,64440,0.99298095703125,-0.09466552734375,0.00433349609375,-0.06689453125
16264,63945,74,64422,0.99267578125,-0.09710693359375,0.0045166015625,-0.0679931640625
16259,63905,76,64405,0.99237060546875,-0.09954833984375,0.004638671875,-0.06903076171875
16253,63865,77,64389,0.99200439453125,-0.10198974609375,0.00469970703125,-0.07000732421875
16248,63825,78,64375,0.99169921875,-0.10443115234375,0.0047607421875,-0.07086181640625
16243,63787,78,64362,0.99139404296875,-0.10675048828125,0.0047607421875,-0.0716552734375
16238,63751,77,64350,0.9910888671875,-0.10894775390625,0.00469970703125,-0.0723876953125
16233,63717,76,64340,0.99078369140625,-0.11102294921875,0.004638671875,-0.072998046875
16229,63686,75,64332,0.99053955078125,-0.1129150390625,0.00457763671875,-0.073486328125
16225,63658,74,64325,0.99029541015625,-0.1146240234375,0.0045166015625,-0.07391357421875
16221,63633,74,64320,0.99005126953125,-0.11614990234375,0.0045166015625,-0.07421875
16218,63611,74,64316,0.9898681640625,-0.11749267578125,0.0045166015625,-0.074462890625
16215,63593,75,64314,0.98968505859375,-0.11859130859375,0.00457763671875,-0.0745849609375
16213,63578,76,64313,0.98956298828125,-0.1195068359375,0.004638671875,-0.07464599609375
16211,63566,78,64313,0.98944091796875,-0.1202392578125,0.0047607421875,-0.07464599609375
16210,63559,80,64314,0.9893798828125,-0.12066650390625,0.0048828125,-0.0745849609375
16209,63555,83,64316,0.98931884765625,-0.12091064453125,0.00506591796875,-0.074462890625
16209,63554,86,64318,0.98931884765625,-0.1209716796875,0.0052490234375,-0.0743408203125
16209,63554,89,64321,0.98931884765625,-0.1209716796875,0.00543212890625,-0.07415771484375
16209,63555,93,64323,0.98931884765625,-0.12091064453125,0.00567626953125,-0.07403564453125
16209,63556,97,64325,0.98931884765625,-0.120849609375,0.00592041015625,-0.07391357421875
16209,63557,101,64326,0.98931884765625,-0.12078857421875,0.00616455078125,-0.0738525390625
16209,63558,106,64326,0.98931884765625,-0.1207275390625,0.0064697265625,-0.0738525390625
16208,63557,111,64325,0.9892578125,-0.12078857421875,0.00677490234375,-0.07391357421875
16207,63553,115,64324,0.98919677734375,-0.12103271484375,0.00701904296875,-0.073974609375
16206,63547,118,64324,0.9891357421875,-0.12139892578125,0.0072021484375,-0.073974609375
16205,63541,120,64325,0.98907470703125,-0.12176513671875,0.00732421875,-0.07391357421875
16204,63537,122,64328,0.989013671875,-0.12200927734375,0.0074462890625,-0.07373046875
16204,63536,123,64332,0.989013671875,-0.1220703125,0.00750732421875,-0.073486328125
16205,63540,124,64336,0.98907470703125,-0.121826171875,0.007568359375,-0.0732421875
16206,63550,126,64340,0.9891357421875,-0.1212158203125,0.0076904296875,-0.072998046875
16208,63568,128,64343,0.9892578125,-0.1201171875,0.0078125,-0.07281494140625
16210,63591,130,64345,0.9893798828125,-0.11871337890625,0.0079345703125,-0.07269287109375
16213,63616,132,64346,0.98956298828125,-0.1171875,0.008056640625,-0.0726318359375
16215,63640,134,64347,0.98968505859375,-0.11572265625,0.0081787109375,-0.07257080078125
16217,63658,138,64349,0.98980712890625,-0.1146240234375,0.0084228515625,-0.07244873046875
16218,63665,147,64353,0.9898681640625,-0.11419677734375,0.00897216796875,-0.07220458984375
16217,63661,163,64360,0.98980712890625,-0.11444091796875,0.00994873046875,-0.07177734375
16217,63660,185,64371,0.98980712890625,-0.114501953125,0.01129150390625,-0.07110595703125
16218,63666,216,64387,0.9898681640625,-0.1141357421875,0.01318359375,-0.07012939453125
16221,63690,260,64409,0.99005126953125,-0.1126708984375,0.015869140625,-0.06878662109375
16227,63740,310,64435,0.99041748046875,-0.109619140625,0.0189208984375,-0.06719970703125
16237,63828,360,64463,0.99102783203125,-0.104248046875,0.02197265625,-0.06549072265625
16248,63940,408,64489,0.99169921875,-0.097412109375,0.02490234375,-0.06390380859375
16259,64056,443,64511,0.99237060546875,-0.09033203125,0.02703857421875,-0.06256103515625
16269,64155,473,64529,0.99298095703125,-0.08428955078125,0.02886962890625,-0.06146240234375
16275,64221,493,64543,0.99334716796875,-0.08026123046875,0.03009033203125,-0.06060791015625
16277,64248,505,64554,0.99346923828125,-0.07861328125,0.03082275390625,-0.0599365234375
16277,64242,510,64562,0.99346923828125,-0.0789794921875,0.0311279296875,-0.0594482421875
16275,64208,508,64565,0.99334716796875,-0.0810546875,0.031005859375,-0.05926513671875
16272,64168,503,64564,0.9931640625,-0.08349609375,0.03070068359375,-0.059326171875
16269,64132,499,64559,0.99298095703125,-0.085693359375,0.03045654296875,-0.05963134765625
16266,64105,497,64552,0.9927978515625,-0.08734130859375,0.03033447265625,-0.06005859375
16264,64093,500,64545,0.99267578125,-0.08807373046875,0.030517578125,-0.06048583984375
16263,64091,508,64539,0.99261474609375,-0.08819580078125,0.031005859375,-0.06085205078125
16263,64097,519,64535,0.99261474609375,-0.08782958984375,0.03167724609375,-0.06109619140625
16264,64110,533,64532,0.99267578125,-0.0870361328125,0.03253173828125,-0.061279296875
16265,64129,550,64531,0.99273681640625,-0.08587646484375,0.0335693359375,-0.06134033203125
16267,64152,568,64531,0.99285888671875,-0.08447265625,0.03466796875,-0.06134033203125
16269,64178,587,64534,0.99298095703125,-0.0828857421875,0.03582763671875,-0.0611572265625
16271,64208,605,64538,0.99310302734375,-0.0810546875,0.03692626953125,-0.0609130859375
16273,64241,621,64543,0.99322509765625,-0.07904052734375,0.03790283203125,-0.06060791015625
16276,64276,635,64549,0.993408203125,-0.076904296875,0.03875732421875,-0.06024169921875
16279,64313,647,64554,0.99359130859375,-0.07464599609375,0.03948974609375,-0.0599365234375
16282,64350,658,64558,0.9937744140625,-0.0723876953125,0.0401611328125,-0.0596923828125
16284,64386,668,64561,0.993896484375,-0.0701904296875,0.040771484375,-0.05950927734375
16286,64420,676,64561,0.9940185546875,-0.068115234375,0.041259765625,-0.05950927734375
16288,64450,683,64559,0.994140625,-0.0662841796875,0.04168701171875,-0.05963134765625
16289,64475,688,64556,0.99420166015625,-0.06475830078125,0.0419921875,-0.059814453125
16290,64495,692,64552,0.9942626953125,-0.06353759765625,0.042236328125,-0.06005859375
16290,64508,695,64548,0.9942626953125,-0.062744140625,0.04241943359375,-0.060302734375
16290,64512,699,64545,0.9942626953125,-0.0625,0.04266357421875,-0.06048583984375
16290,64512,703,64543,0.9942626953125,-0.0625,0.04290771484375,-0.06060791015625
16290,64510,708,64541,0.9942626953125,-0.0626220703125,0.043212890625,-0.06072998046875
16290,64508,714,64539,0.9942626953125,-0.062744140625,0.0435791015625,-0.06085205078125
16290,64508,721,64537,0.9942626953125,-0.062744140625,0.04400634765625,-0.06097412109375
16290,64511,728,64535,0.9942626953125,-0.06256103515625,0.04443359375,-0.06109619140625
16290,64517,735,64533,0.9942626953125,-0.06219482421875,0.04486083984375,-0.06121826171875
16290,64526,741,64531,0.9942626953125,-0.0616455078125,0.04522705078125,-0.06134033203125
16290,64536,746,64529,0.9942626953125,-0.06103515625,0.0455322265625,-0.06146240234375
16290,64546,750,64527,0.9942626953125,-0.0604248046875,0.0457763671875,-0.06158447265625
16290,64554,754,64525,0.9942626953125,-0.0599365234375,0.0460205078125,-0.06170654296875
16290,64551,757,64524,0.9942626953125,-0.06011962890625,0.04620361328125,-0.061767578125
16289,64542,759,64524,0.99420166015625,-0.0606689453125,0.04632568359375,-0.061767578125
16288,64532,760,64523,0.994140625,-0.061279296875,0.04638671875,-0.06182861328125
16287,64520,762,64522,0.99407958984375,-0.06201171875,0.0465087890625,-0.0618896484375
16286,64506,765,64522,0.9940185546875,-0.0628662109375,0.04669189453125,-0.0618896484375
16285,64491,768,64522,0.99395751953125,-0.06378173828125,0.046875,-0.0618896484375
16284,64476,770,64523,0.993896484375,-0.064697265625,0.0469970703125,-0.06182861328125
16283,64460,772,64525,0.99383544921875,-0.065673828125,0.047119140625,-0.06170654296875
16282,64443,773,64528,0.9937744140625,-0.06671142578125,0.04718017578125,-0.0615234375
16281,64427,774,64533,0.99371337890625,-0.06768798828125,0.0472412109375,-0.06121826171875
16280,64413,775,64539,0.99365234375,-0.06854248046875,0.04730224609375,-0.06085205078125
16280,64402,775,64545,0.99365234375,-0.0692138671875,0.04730224609375,-0.06048583984375
16280,64393,774,64552,0.99365234375,-0.06976318359375,0.0472412109375,-0.06005859375
16280,64386,772,64559,0.99365234375,-0.0701904296875,0.047119140625,-0.05963134765625
16280,64382,769,64566,0.99365234375,-0.0704345703125,0.04693603515625,-0.0592041015625
16280,64380,766,64574,0.99365234375,-0.070556640625,0.0467529296875,-0.0587158203125
16280,64378,764,64582,0.99365234375,-0.0706787109375,0.046630859375,-0.0582275390625
16281,64378,763,64590,0.99371337890625,-0.0706787109375,0.04656982421875,-0.0577392578125
16282,64379,764,64598,0.9937744140625,-0.07061767578125,0.046630859375,-0.0572509765625
16282,64377,768,64605,0.9937744140625,-0.07073974609375,0.046875,-0.05682373046875
16282,64373,774,64612,0.9937744140625,-0.07098388671875,0.0472412109375,-0.056396484375
16282,64368,782,64617,0.9937744140625,-0.0712890625,0.0477294921875,-0.05609130859375
16282,64363,791,64621,0.9937744140625,-0.07159423828125,0.04827880859375,-0.05584716796875
16282,64359,800,64624,0.9937744140625,-0.07183837890625,0.048828125,-0.0556640625
16282,64356,810,64625,0.9937744140625,-0.072021484375,0.0494384765625,-0.05560302734375
16281,64347,821,64623,0.99371337890625,-0.07257080078125,0.05010986328125,-0.05572509765625
16279,64332,832,64618,0.99359130859375,-0.073486328125,0.05078125,-0.0560302734375
16277,64312,840,64612,0.99346923828125,-0.07470703125,0.05126953125,-0.056396484375
16274,64289,845,64605,0.9932861328125,-0.07611083984375,0.05157470703125,-0.05682373046875
16271,64263,847,64597,0.99310302734375,-0.07769775390625,0.05169677734375,-0.05731201171875
16268,64234,846,64590,0.992919921875,-0.0794677734375,0.0516357421875,-0.0577392578125
16265,64201,842,64581,0.99273681640625,-0.08148193359375,0.0513916015625,-0.05828857421875
16262,64165,837,64571,0.9925537109375,-0.08367919921875,0.05108642578125,-0.05889892578125
16259,64130,831,64559,0.99237060546875,-0.0858154296875,0.05072021484375,-0.05963134765625
16255,64093,825,64545,0.99212646484375,-0.08807373046875,0.05035400390625,-0.06048583984375
16251,64055,820,64531,0.99188232421875,-0.09039306640625,0.050048828125,-0.06134033203125
16247,64017,815,64518,0.99163818359375,-0.09271240234375,0.04974365234375,-0.0621337890625
16243,63978,811,64507,0.99139404296875,-0.0950927734375,0.04949951171875,-0.06280517578125
16238,63936,807,64499,0.9910888671875,-0.09765625,0.04925537109375,-0.06329345703125
16233,63893,804,64493,0.99078369140625,-0.10028076171875,0.049072265625,-0.06365966796875
16228,63848,802,64488,0.990478515625,-0.10302734375,0.0489501953125,-0.06396484375
16223,63802,803,64482,0.99017333984375,-0.1058349609375,0.04901123046875,-0.0643310546875
16217,63755,805,64476,0.98980712890625,-0.10870361328125,0.04913330078125,-0.064697265625
16211,63710,807,64470,0.98944091796875,-0.1114501953125,0.04925537109375,-0.0650634765625
16206,63669,810,64466,0.9891357421875,-0.11395263671875,0.0494384765625,-0.0653076171875
16201,63633,812,64464,0.98883056640625,-0.11614990234375,0.049560546875,-0.0654296875
16197,63602,813,64465,0.98858642578125,-0.1180419921875,0.04962158203125,-0.06536865234375
16194,63574,815,64468,0.9884033203125,-0.1197509765625,0.04974365234375,-0.065185546875
16191,63549,818,64472,0.98822021484375,-0.12127685546875,0.0499267578125,-0.06494140625
16188,63527,822,64477,0.988037109375,-0.12261962890625,0.0501708984375,-0.06463623046875
16185,63506,827,64482,0.98785400390625,-0.1239013671875,0.05047607421875,-0.0643310546875
16182,63485,833,64487,0.9876708984375,-0.12518310546875,0.05084228515625,-0.06402587890625
16179,63463,839,64492,0.98748779296875,-0.12652587890625,0.05120849609375,-0.063720703125
16176,63440,846,64497,0.9873046875,-0.1279296875,0.0516357421875,-0.06341552734375
16173,63414,842,64504,0.98712158203125,-0.1295166015625,0.0513916015625,-0.06298828125
16170,63385,829,64511,0.9869384765625,-0.13128662109375,0.05059814453125,-0.06256103515625
16167,63353,812,64517,0.98675537109375,-0.13323974609375,0.049560546875,-0.06219482421875
16164,63320,792,64520,0.986572265625,-0.13525390625,0.04833984375,-0.06201171875
16160,63287,771,64516,0.986328125,-0.13726806640625,0.04705810546875,-0.062255859375
16156,63254,749,64506,0.986083984375,-0.1392822265625,0.04571533203125,-0.0628662109375
16151,63217,727,64491,0.98577880859375,-0.14154052734375,0.04437255859375,-0.06378173828125
16145,63179,708,64473,0.98541259765625,-0.14385986328125,0.043212890625,-0.06488037109375
16139,63139,683,64461,0.98504638671875,-0.14630126953125,0.04168701171875,-0.06561279296875
16133,63098,656,64453,0.98468017578125,-0.1488037109375,0.0400390625,-0.06610107421875
16127,63059,632,64448,0.98431396484375,-0.15118408203125,0.03857421875,-0.06640625
16122,63029,612,64445,0.9840087890625,-0.15301513671875,0.037353515625,-0.06658935546875
16119,63016,606,64444,0.98382568359375,-0.15380859375,0.0369873046875,-0.066650390625
16117,63010,616,64444,0.98370361328125,-0.1541748046875,0.03759765625,-0.066650390625
16116,63012,639,64447,0.983642578125,-0.154052734375,0.03900146484375,-0.06646728515625
16116,63021,672,64455,0.983642578125,-0.15350341796875,0.041015625,-0.06597900390625
16116,63031,715,64471,0.983642578125,-0.15289306640625,0.04364013671875,-0.06500244140625
16115,63038,764,64493,0.98358154296875,-0.1524658203125,0.046630859375,-0.06365966796875
16114,63041,817,64520,0.9835205078125,-0.15228271484375,0.04986572265625,-0.06201171875
16113,63040,872,64552,0.98345947265625,-0.15234375,0.05322265625,-0.06005859375
16111,63036,929,64587,0.98333740234375,-0.152587890625,0.05670166015625,-0.05792236328125
16109,63029,987,64623,0.98321533203125,-0.15301513671875,0.06024169921875,-0.05572509765625
16106,63021,1044,64659,0.9830322265625,-0.15350341796875,0.063720703125,-0.05352783203125
16103,63008,1100,64694,0.98284912109375,-0.154296875,0.067138671875,-0.0513916015625
16098,62986,1153,64727,0.9825439453125,-0.1556396484375,0.07037353515625,-0.04937744140625
16093,62963,1199,64760,0.98223876953125,-0.15704345703125,0.07318115234375,-0.04736328125
16089,62940,1239,64793,0.98199462890625,-0.158447265625,0.07562255859375,-0.04534912109375
16083,62907,1278,64825,0.98162841796875,-0.16046142578125,0.0780029296875,-0.04339599609375
16075,62862,1313,64856,0.98114013671875,-0.1632080078125,0.08013916015625,-0.04150390625
16067,62817,1345,64885,0.98065185546875,-0.16595458984375,0.08209228515625,-0.03973388671875
16058,62768,1380,64911,0.9801025390625,-0.1689453125,0.084228515625,-0.03814697265625
16047,62717,1421,64934,0.97943115234375,-0.17205810546875,0.08673095703125,-0.0367431640625
16037,62673,1468,64954,0.97882080078125,-0.17474365234375,0.089599609375,-0.0355224609375
16027,62636,1522,64972,0.97821044921875,-0.177001953125,0.0928955078125,-0.034423828125
16017,62604,1582,64987,0.97760009765625,-0.178955078125,0.0965576171875,-0.03350830078125
16007,62579,1649,64999,0.97698974609375,-0.18048095703125,0.10064697265625,-0.03277587890625
15997,62561,1721,65007,0.97637939453125,-0.18157958984375,0.10504150390625,-0.03228759765625
15988,62554,1801,65012,0.975830078125,-0.1820068359375,0.10992431640625,-0.031982421875
15980,62557,1886,65016,0.975341796875,-0.18182373046875,0.1151123046875,-0.03173828125
15973,62573,1974,65019,0.97491455078125,-0.18084716796875,0.1204833984375,-0.03155517578125
15968,62601,2064,65022,0.974609375,-0.17913818359375,0.1259765625,-0.0313720703125
15964,62643,2154,65025,0.974365234375,-0.17657470703125,0.1314697265625,-0.03118896484375
15961,62691,2242,65028,0.97418212890625,-0.17364501953125,0.1368408203125,-0.031005859375
15957,62741,2326,65031,0.97393798828125,-0.17059326171875,0.1419677734375,-0.03082275390625
15954,62788,2405,65034,0.9737548828125,-0.167724609375,0.14678955078125,-0.0306396484375
15949,62824,2474,65039,0.97344970703125,-0.16552734375,0.1510009765625,-0.03033447265625
15943,62848,2535,65045,0.97308349609375,-0.1640625,0.15472412109375,-0.02996826171875
15936,62858,2586,65054,0.97265625,-0.1634521484375,0.1578369140625,-0.0294189453125
15929,62854,2625,65065,0.97222900390625,-0.1636962890625,0.16021728515625,-0.02874755859375
15921,62837,2653,65079,0.97174072265625,-0.16473388671875,0.16192626953125,-0.02789306640625
15913,62806,2667,65095,0.97125244140625,-0.1666259765625,0.16278076171875,-0.02691650390625
15905,62767,2671,65112,0.97076416015625,-0.16900634765625,0.16302490234375,-0.02587890625
15898,62722,2667,65129,0.9703369140625,-0.1717529296875,0.16278076171875,-0.02484130859375
15892,62673,2655,65145,0.969970703125,-0.17474365234375,0.16204833984375,-0.02386474609375
15887,62622,2634,65159,0.96966552734375,-0.1778564453125,0.1607666015625,-0.02301025390625
15883,62571,2608,65172,0.96942138671875,-0.18096923828125,0.1591796875,-0.022216796875
15879,62521,2578,65184,0.96917724609375,-0.18402099609375,0.1573486328125,-0.021484375
15875,62472,2546,65195,0.96893310546875,-0.18701171875,0.1553955078125,-0.02081298828125
15872,62425,2513,65206,0.96875,-0.18988037109375,0.15338134765625,-0.0201416015625
15869,62381,2481,65218,0.96856689453125,-0.19256591796875,0.15142822265625,-0.0194091796875
15866,62341,2451,65230,0.9683837890625,-0.19500732421875,0.14959716796875,-0.0186767578125
15863,62306,2426,65243,0.96820068359375,-0.1971435546875,0.1480712890625,-0.01788330078125
15861,62276,2406,65257,0.96807861328125,-0.198974609375,0.1468505859375,-0.01702880859375
15859,62252,2392,65272,0.96795654296875,-0.200439453125,0.14599609375,-0.01611328125
15857,62234,2384,65288,0.96783447265625,-0.2015380859375,0.1455078125,-0.01513671875
15855,62225,2385,65305,0.96771240234375,-0.20208740234375,0.14556884765625,-0.01409912109375
15854,62222,2392,65324,0.9676513671875,-0.2022705078125,0.14599609375,-0.012939453125
15853,62226,2406,65344,0.96759033203125,-0.2020263671875,0.1468505859375,-0.01171875
15852,62235,2425,65366,0.967529296875,-0.20147705078125,0.14801025390625,-0.0103759765625
15848,62230,2447,65395,0.96728515625,-0.2017822265625,0.14935302734375,-0.00860595703125
15840,62206,2471,65429,0.966796875,-0.2032470703125,0.15081787109375,-0.00653076171875
15831,62179,2497,65463,0.96624755859375,-0.20489501953125,0.15240478515625,-0.00445556640625
15823,62152,2515,65497,0.96575927734375,-0.20654296875,0.15350341796875,-0.00238037109375
15815,62116,2519,65534,0.96527099609375,-0.208740234375,0.15374755859375,-0.0001220703125
15804,62073,2527,37,0.964599609375,-0.21136474609375,0.15423583984375,0.00225830078125
15794,62034,2533,74,0.9639892578125,-0.2137451171875,0.15460205078125,0.0045166015625
15783,61988,2535,115,0.96331787109375,-0.216552734375,0.15472412109375,0.00701904296875
15773,61940,2526,159,0.96270751953125,-0.219482421875,0.1541748046875,0.00970458984375
15766,61900,2502,206,0.9622802734375,-0.221923828125,0.1527099609375,0.0125732421875
15764,61875,2474,253,0.962158203125,-0.22344970703125,0.1510009765625,0.01544189453125
15765,61867,2446,300,0.96221923828125,-0.22393798828125,0.1492919921875,0.018310546875
15768,61869,2423,350,0.96240234375,-0.22381591796875,0.14788818359375,0.0213623046875
15771,61879,2408,403,0.96258544921875,-0.22320556640625,0.14697265625,0.02459716796875
15774,61892,2397,458,0.9627685546875,-0.222412109375,0.14630126953125,0.0279541015625
15777,61906,2386,514,0.96295166015625,-0.2215576171875,0.1456298828125,0.0313720703125
15780,61917,2377,570,0.963134765625,-0.22088623046875,0.14508056640625,0.0347900390625
15782,61925,2372,624,0.9632568359375,-0.22039794921875,0.144775390625,0.0380859375
15783,61934,2373,675,0.96331787109375,-0.2198486328125,0.14483642578125,0.04119873046875
15783,61943,2381,724,0.96331787109375,-0.21929931640625,0.14532470703125,0.044189453125
15781,61951,2396,771,0.96319580078125,-0.21881103515625,0.146240234375,0.04705810546875
15778,61959,2416,817,0.9630126953125,-0.21832275390625,0.1474609375,0.04986572265625
15776,61967,2436,862,0.962890625,-0.21783447265625,0.148681640625,0.0526123046875
15773,61974,2455,906,0.96270751953125,-0.2174072265625,0.14984130859375,0.0552978515625
15771,61981,2471,949,0.96258544921875,-0.21697998046875,0.15081787109375,0.05792236328125
15769,61988,2485,990,0.96246337890625,-0.216552734375,0.15167236328125,0.0604248046875
15767,61992,2498,1027,0.96234130859375,-0.21630859375,0.1524658203125,0.06268310546875
15766,61997,2508,1060,0.9622802734375,-0.21600341796875,0.153076171875,0.064697265625
15765,62001,2515,1089,0.96221923828125,-0.21575927734375,0.15350341796875,0.06646728515625
15765,62005,2518,1115,0.96221923828125,-0.21551513671875,0.1536865234375,0.06805419921875
15766,62009,2516,1137,0.9622802734375,-0.21527099609375,0.153564453125,0.06939697265625
15768,62013,2511,1157,0.96240234375,-0.21502685546875,0.15325927734375,0.07061767578125
15770,62016,2505,1175,0.9625244140625,-0.21484375,0.15289306640625,0.07171630859375
15772,62019,2498,1191,0.962646484375,-0.21466064453125,0.1524658203125,0.07269287109375
15774,62022,2491,1203,0.9627685546875,-0.2144775390625,0.15203857421875,0.07342529296875
15776,62023,2484,1213,0.962890625,-0.21441650390625,0.151611328125,0.07403564453125
15777,62022,2478,1221,0.96295166015625,-0.2144775390625,0.1512451171875,0.07452392578125
15778,62019,2473,1228,0.9630126953125,-0.21466064453125,0.15093994140625,0.074951171875
15779,62018,2471,1232,0.96307373046875,-0.2147216796875,0.15081787109375,0.0751953125
15780,62021,2472,1235,0.963134765625,-0.21453857421875,0.15087890625,0.07537841796875
15781,62026,2476,1238,0.96319580078125,-0.2142333984375,0.151123046875,0.0755615234375
15782,62033,2483,1241,0.9632568359375,-0.21380615234375,0.15155029296875,0.07574462890625
15782,62038,2492,1244,0.9632568359375,-0.2135009765625,0.152099609375,0.075927734375
15781,62042,2501,1246,0.96319580078125,-0.2132568359375,0.15264892578125,0.0760498046875
15780,62045,2511,1248,0.963134765625,-0.21307373046875,0.15325927734375,0.076171875
15779,62048,2521,1249,0.96307373046875,-0.212890625,0.15386962890625,0.07623291015625
15778,62051,2530,1250,0.9630126953125,-0.21270751953125,0.1544189453125,0.0762939453125
15778,62055,2539,1251,0.9630126953125,-0.21246337890625,0.15496826171875,0.07635498046875
15778,62059,2547,1252,0.9630126953125,-0.21221923828125,0.15545654296875,0.076416015625
15778,62062,2553,1253,0.9630126953125,-0.2120361328125,0.15582275390625,0.07647705078125
15778,62065,2557,1254,0.9630126953125,-0.21185302734375,0.15606689453125,0.0765380859375
15779,62068,2558,1255,0.96307373046875,-0.211669921875,0.1561279296875,0.07659912109375
15780,62071,2557,1255,0.963134765625,-0.21148681640625,0.15606689453125,0.07659912109375
15781,62074,2555,1255,0.96319580078125,-0.2113037109375,0.15594482421875,0.07659912109375
15783,62077,2552,1255,0.96331787109375,-0.21112060546875,0.15576171875,0.07659912109375
15785,62080,2548,1255,0.96343994140625,-0.2109375,0.155517578125,0.07659912109375
15787,62083,2544,1255,0.96356201171875,-0.21075439453125,0.1552734375,0.07659912109375
15789,62086,2539,1255,0.96368408203125,-0.2105712890625,0.15496826171875,0.07659912109375
15791,62089,2535,1254,0.96380615234375,-0.21038818359375,0.15472412109375,0.0765380859375
15793,62092,2532,1253,0.96392822265625,-0.210205078125,0.154541015625,0.07647705078125
15794,62095,2530,1253,0.9639892578125,-0.21002197265625,0.1544189453125,0.07647705078125
15795,62098,2529,1253,0.96405029296875,-0.2098388671875,0.15435791015625,0.07647705078125
15796,62101,2529,1253,0.964111328125,-0.20965576171875,0.15435791015625,0.07647705078125
15796,62104,2531,1254,0.964111328125,-0.20947265625,0.15447998046875,0.0765380859375
15796,62107,2534,1255,0.964111328125,-0.20928955078125,0.1546630859375,0.07659912109375
15796,62110,2538,1256,0.964111328125,-0.2091064453125,0.1549072265625,0.07666015625
15796,62113,2543,1257,0.964111328125,-0.20892333984375,0.15521240234375,0.07672119140625
15796,62116,2548,1258,0.964111328125,-0.208740234375,0.155517578125,0.0767822265625
15796,62119,2554,1259,0.964111328125,-0.20855712890625,0.1558837890625,0.07684326171875
15796,62122,2560,1260,0.964111328125,-0.2083740234375,0.15625,0.076904296875
15796,62125,2565,1261,0.964111328125,-0.20819091796875,0.15655517578125,0.07696533203125
15796,62128,2569,1262,0.964111328125,-0.2080078125,0.15679931640625,0.0770263671875
15796,62131,2572,1263,0.964111328125,-0.20782470703125,0.156982421875,0.07708740234375
15797,62134,2574,1264,0.96417236328125,-0.2076416015625,0.1571044921875,0.0771484375
15798,62137,2576,1265,0.9642333984375,-0.20745849609375,0.1572265625,0.07720947265625
15799,62140,2577,1265,0.96429443359375,-0.207275390625,0.15728759765625,0.07720947265625
15800,62143,2577,1265,0.96435546875,-0.20709228515625,0.15728759765625,0.07720947265625
15801,62146,2576,1265,0.96441650390625,-0.2069091796875,0.1572265625,0.07720947265625
15802,62149,2575,1265,0.9644775390625,-0.20672607421875,0.15716552734375,0.07720947265625
15803,62152,2574,1265,0.96453857421875,-0.20654296875,0.1571044921875,0.07720947265625
15804,62155,2573,1265,0.964599609375,-0.20635986328125,0.15704345703125,0.07720947265625
15805,62158,2572,1265,0.96466064453125,-0.2061767578125,0.156982421875,0.07720947265625
15806,62161,2571,1265,0.9647216796875,-0.20599365234375,0.15692138671875,0.07720947265625
15807,62164,2571,1265,0.96478271484375,-0.205810546875,0.15692138671875,0.07720947265625
15808,62167,2572,1265,0.96484375,-0.20562744140625,0.156982421875,0.07720947265625
15809,62170,2573,1265,0.96490478515625,-0.2054443359375,0.15704345703125,0.07720947265625
15810,62173,2575,1265,0.9649658203125,-0.20526123046875,0.15716552734375,0.07720947265625
15810,62176,2578,1265,0.9649658203125,-0.205078125,0.1573486328125,0.07720947265625
15810,62179,2581,1266,0.9649658203125,-0.20489501953125,0.15753173828125,0.0772705078125
15810,62182,2584,1267,0.9649658203125,-0.2047119140625,0.15771484375,0.07733154296875
15810,62185,2588,1268,0.9649658203125,-0.20452880859375,0.157958984375,0.077392578125
15810,62188,2592,1269,0.9649658203125,-0.204345703125,0.158203125,0.07745361328125
15810,62191,2595,1270,0.9649658203125,-0.20416259765625,0.15838623046875,0.0775146484375
15810,62194,2598,1271,0.9649658203125,-0.2039794921875,0.1585693359375,0.07757568359375
15810,62197,2601,1272,0.9649658203125,-0.20379638671875,0.15875244140625,0.07763671875
15811,62200,2604,1273,0.96502685546875,-0.20361328125,0.158935546875,0.07769775390625
15812,62203,2606,1273,0.965087890625,-0.20343017578125,0.1590576171875,0.07769775390625
15813,62206,2608,1274,0.96514892578125,-0.2032470703125,0.1591796875,0.0777587890625
15814,62209,2609,1274,0.9652099609375,-0.20306396484375,0.15924072265625,0.0777587890625
15815,62212,2610,1274,0.96527099609375,-0.202880859375,0.1593017578125,0.0777587890625
15816,62215,2610,1274,0.96533203125,-0.20269775390625,0.1593017578125,0.0777587890625
15817,62218,2610,1274,0.96539306640625,-0.2025146484375,0.1593017578125,0.0777587890625
15818,62221,2610,1274,0.9654541015625,-0.20233154296875,0.1593017578125,0.0777587890625
15819,62224,2610,1274,0.96551513671875,-0.2021484375,0.1593017578125,0.0777587890625
15820,62227,2610,1274,0.965576171875,-0.20196533203125,0.1593017578125,0.0777587890625
15821,62230,2611,1274,0.96563720703125,-0.2017822265625,0.15936279296875,0.0777587890625
15822,62233,2612,1274,0.9656982421875,-0.20159912109375,0.159423828125,0.0777587890625
15823,62236,2613,1274,0.96575927734375,-0.201416015625,0.15948486328125,0.0777587890625
15824,62239,2615,1274,0.9658203125,-0.20123291015625,0.15960693359375,0.0777587890625
15825,62242,2617,1274,0.96588134765625,-0.2010498046875,0.15972900390625,0.0777587890625
15826,62245,2619,1274,0.9659423828125,-0.20086669921875,0.15985107421875,0.0777587890625
15827,62248,2622,1274,0.96600341796875,-0.20068359375,0.1600341796875,0.0777587890625
15828,62251,2625,1274,0.966064453125,-0.20050048828125,0.16021728515625,0.0777587890625
15829,62254,2628,1274,0.96612548828125,-0.2003173828125,0.160400390625,0.0777587890625
15830,62257,2631,1274,0.9661865234375,-0.20013427734375,0.16058349609375,0.0777587890625
15831,62260,2634,1274,0.96624755859375,-0.199951171875,0.1607666015625,0.0777587890625
15832,62263,2637,1274,0.96630859375,-0.19976806640625,0.16094970703125,0.0777587890625
15833,62266,2639,1275,0.96636962890625,-0.1995849609375,0.16107177734375,0.07781982421875
15834,62269,2641,1275,0.9664306640625,-0.19940185546875,0.16119384765625,0.07781982421875
15835,62272,2643,1275,0.96649169921875,-0.19921875,0.16131591796875,0.07781982421875
15836,62275,2645,1275,0.966552734375,-0.19903564453125,0.16143798828125,0.07781982421875
15836,62278,2647,1275,0.966552734375,-0.1988525390625,0.16156005859375,0.07781982421875
15836,62281,2649,1275,0.966552734375,-0.19866943359375,0.16168212890625,0.07781982421875
15836,62283,2651,1274,0.966552734375,-0.19854736328125,0.16180419921875,0.0777587890625
15836,62284,2653,1272,0.966552734375,-0.198486328125,0.16192626953125,0.07763671875
15836,62285,2654,1269,0.966552734375,-0.19842529296875,0.1619873046875,0.07745361328125
15836,62285,2657,1267,0.966552734375,-0.19842529296875,0.16217041015625,0.07733154296875
15836,62286,2662,1266,0.966552734375,-0.1983642578125,0.1624755859375,0.0772705078125
15836,62289,2669,1268,0.966552734375,-0.19818115234375,0.16290283203125,0.077392578125
15836,62296,2679,1272,0.966552734375,-0.19775390625,0.16351318359375,0.07763671875
15835,62301,2691,1279,0.96649169921875,-0.19744873046875,0.16424560546875,0.07806396484375
15834,62305,2702,1285,0.9664306640625,-0.19720458984375,0.1649169921875,0.07843017578125
15834,62309,2709,1289,0.9664306640625,-0.19696044921875,0.16534423828125,0.07867431640625
15835,62313,2710,1290,0.96649169921875,-0.19671630859375,0.1654052734375,0.0787353515625
15837,62316,2707,1289,0.96661376953125,-0.196533203125,0.16522216796875,0.07867431640625
15839,62319,2702,1287,0.96673583984375,-0.19635009765625,0.1649169921875,0.07855224609375
15841,62322,2697,1286,0.96685791015625,-0.1961669921875,0.16461181640625,0.0784912109375
15843,62325,2692,1285,0.96697998046875,-0.19598388671875,0.164306640625,0.07843017578125
15845,62329,2688,1285,0.96710205078125,-0.19573974609375,0.1640625,0.07843017578125
15847,62333,2682,1286,0.96722412109375,-0.19549560546875,0.1636962890625,0.0784912109375
15849,62337,2676,1287,0.96734619140625,-0.19525146484375,0.163330078125,0.07855224609375
15851,62340,2669,1287,0.96746826171875,-0.195068359375,0.16290283203125,0.07855224609375
15853,62343,2664,1287,0.96759033203125,-0.19488525390625,0.16259765625,0.07855224609375
15854,62345,2662,1287,0.9676513671875,-0.19476318359375,0.1624755859375,0.07855224609375
15855,62348,2662,1287,0.96771240234375,-0.194580078125,0.1624755859375,0.07855224609375
15856,62351,2664,1288,0.9677734375,-0.19439697265625,0.16259765625,0.07861328125
15857,62355,2667,1289,0.96783447265625,-0.19415283203125,0.16278076171875,0.07867431640625
15858,62359,2670,1290,0.9678955078125,-0.19390869140625,0.1629638671875,0.0787353515625
15858,62363,2674,1291,0.9678955078125,-0.19366455078125,0.1632080078125,0.07879638671875
15858,62367,2678,1292,0.9678955078125,-0.19342041015625,0.1634521484375,0.078857421875
15858,62370,2683,1293,0.9678955078125,-0.1932373046875,0.16375732421875,0.07891845703125
15858,62373,2689,1293,0.9678955078125,-0.19305419921875,0.16412353515625,0.07891845703125
15858,62376,2695,1293,0.9678955078125,-0.19287109375,0.16448974609375,0.07891845703125
15858,62379,2700,1294,0.9678955078125,-0.19268798828125,0.164794921875,0.0789794921875
15858,62382,2704,1295,0.9678955078125,-0.1925048828125,0.1650390625,0.07904052734375
15859,62385,2707,1296,0.96795654296875,-0.19232177734375,0.16522216796875,0.0791015625
15860,62388,2709,1297,0.968017578125,-0.192138671875,0.16534423828125,0.07916259765625
15861,62391,2710,1298,0.96807861328125,-0.19195556640625,0.1654052734375,0.0792236328125
15862,62394,2710,1298,0.9681396484375,-0.1917724609375,0.1654052734375,0.0792236328125
15863,62397,2710,1298,0.96820068359375,-0.19158935546875,0.1654052734375,0.0792236328125
15867,62391,2701,1274,0.96844482421875,-0.19195556640625,0.16485595703125,0.0777587890625
15870,62372,2690,1230,0.9686279296875,-0.193115234375,0.1641845703125,0.0750732421875
15871,62333,2675,1172,0.96868896484375,-0.19549560546875,0.16326904296875,0.071533203125
15866,62281,2655,1129,0.9683837890625,-0.19866943359375,0.16204833984375,0.06890869140625
15862,62231,2629,1096,0.9681396484375,-0.20172119140625,0.16046142578125,0.06689453125
15859,62183,2598,1059,0.96795654296875,-0.20465087890625,0.1585693359375,0.06463623046875
15860,62141,2558,1011,0.968017578125,-0.20721435546875,0.1561279296875,0.06170654296875
15861,62107,2526,960,0.96807861328125,-0.20928955078125,0.1541748046875,0.05859375
15865,62087,2495,910,0.96832275390625,-0.21051025390625,0.15228271484375,0.0555419921875
15871,62079,2461,866,0.96868896484375,-0.21099853515625,0.15020751953125,0.0528564453125
15880,62082,2423,828,0.96923828125,-0.2108154296875,0.14788818359375,0.050537109375
15890,62089,2379,793,0.9698486328125,-0.21038818359375,0.14520263671875,0.04840087890625
15901,62095,2331,758,0.97052001953125,-0.21002197265625,0.14227294921875,0.0462646484375
15909,62092,2284,722,0.97100830078125,-0.210205078125,0.139404296875,0.0440673828125
15916,62086,2240,685,0.971435546875,-0.2105712890625,0.13671875,0.04180908203125
15920,62071,2202,650,0.9716796875,-0.21148681640625,0.1343994140625,0.0396728515625
15918,62038,2174,621,0.9715576171875,-0.2135009765625,0.1326904296875,0.03790283203125
15899,61945,2166,609,0.97039794921875,-0.21917724609375,0.1322021484375,0.03717041015625
15862,61791,2172,616,0.9681396484375,-0.22857666015625,0.132568359375,0.03759765625
15832,61663,2155,646,0.96630859375,-0.23638916015625,0.13153076171875,0.0394287109375
15805,61560,2143,697,0.96466064453125,-0.24267578125,0.13079833984375,0.04254150390625
15787,61509,2145,764,0.96356201171875,-0.24578857421875,0.13092041015625,0.046630859375
15780,61516,2169,836,0.963134765625,-0.245361328125,0.13238525390625,0.051025390625
15787,61594,2217,898,0.96356201171875,-0.2406005859375,0.13531494140625,0.0548095703125
15804,61726,2295,947,0.964599609375,-0.2325439453125,0.14007568359375,0.05780029296875
15824,61885,2393,985,0.9658203125,-0.22283935546875,0.14605712890625,0.06011962890625
15845,62060,2496,1022,0.96710205078125,-0.212158203125,0.15234375,0.0623779296875
15855,62186,2574,1075,0.96771240234375,-0.2044677734375,0.1571044921875,0.06561279296875
15855,62265,2643,1138,0.96771240234375,-0.19964599609375,0.16131591796875,0.0694580078125
15853,62323,2698,1207,0.96759033203125,-0.19610595703125,0.1646728515625,0.07366943359375
15854,62380,2738,1276,0.9676513671875,-0.192626953125,0.1671142578125,0.077880859375
15854,62424,2766,1338,0.9676513671875,-0.18994140625,0.1688232421875,0.0816650390625
15854,62461,2792,1388,0.9676513671875,-0.18768310546875,0.17041015625,0.084716796875
15855,62487,2804,1430,0.96771240234375,-0.18609619140625,0.171142578125,0.0872802734375
15859,62507,2796,1465,0.96795654296875,-0.18487548828125,0.170654296875,0.08941650390625
15866,62520,2765,1491,0.9683837890625,-0.18408203125,0.16876220703125,0.09100341796875
15875,62529,2718,1513,0.96893310546875,-0.18353271484375,0.1658935546875,0.09234619140625
15885,62532,2659,1532,0.96954345703125,-0.183349609375,0.16229248046875,0.093505859375
15894,62528,2599,1546,0.9700927734375,-0.18359375,0.15863037109375,0.0943603515625
15900,62510,2543,1554,0.970458984375,-0.1846923828125,0.15521240234375,0.0948486328125
15904,62484,2490,1557,0.970703125,-0.186279296875,0.1519775390625,0.09503173828125
15906,62449,2443,1556,0.9708251953125,-0.18841552734375,0.14910888671875,0.094970703125
15904,62402,2404,1555,0.970703125,-0.1912841796875,0.146728515625,0.09490966796875
15899,62348,2373,1556,0.97039794921875,-0.194580078125,0.14483642578125,0.094970703125
15891,62292,2353,1560,0.96990966796875,-0.197998046875,0.14361572265625,0.09521484375
15881,62243,2348,1565,0.96929931640625,-0.20098876953125,0.143310546875,0.09552001953125
15872,62215,2365,1570,0.96875,-0.20269775390625,0.14434814453125,0.0958251953125
15866,62212,2399,1573,0.9683837890625,-0.202880859375,0.14642333984375,0.09600830078125
15863,62237,2448,1573,0.96820068359375,-0.20135498046875,0.1494140625,0.09600830078125
15864,62289,2508,1572,0.96826171875,-0.19818115234375,0.153076171875,0.095947265625
15866,62362,2576,1571,0.9683837890625,-0.1937255859375,0.1572265625,0.09588623046875
15871,62448,2639,1573,0.96868896484375,-0.1884765625,0.16107177734375,0.09600830078125
15867,62496,2703,1583,0.96844482421875,-0.185546875,0.16497802734375,0.09661865234375
15862,62529,2759,1592,0.9681396484375,-0.18353271484375,0.16839599609375,0.09716796875
15858,62561,2804,1598,0.9678955078125,-0.18157958984375,0.171142578125,0.0975341796875
15856,62580,2836,1598,0.9677734375,-0.180419921875,0.173095703125,0.0975341796875
15852,62584,2861,1596,0.967529296875,-0.18017578125,0.17462158203125,0.097412109375
15851,62589,2875,1593,0.96746826171875,-0.17987060546875,0.17547607421875,0.09722900390625
15852,62595,2878,1591,0.967529296875,-0.17950439453125,0.1756591796875,0.09710693359375
15855,62601,2869,1590,0.96771240234375,-0.17913818359375,0.17510986328125,0.0970458984375
15860,62607,2851,1588,0.968017578125,-0.17877197265625,0.17401123046875,0.096923828125
15867,62612,2825,1585,0.96844482421875,-0.178466796875,0.17242431640625,0.09674072265625
15875,62617,2794,1579,0.96893310546875,-0.17816162109375,0.1705322265625,0.09637451171875
15883,62618,2758,1571,0.96942138671875,-0.1781005859375,0.1683349609375,0.09588623046875
15889,62610,2720,1564,0.96978759765625,-0.1785888671875,0.166015625,0.095458984375
15894,62595,2682,1558,0.9700927734375,-0.17950439453125,0.1636962890625,0.0950927734375
15897,62575,2646,1555,0.97027587890625,-0.18072509765625,0.1614990234375,0.09490966796875
15899,62551,2614,1554,0.97039794921875,-0.18218994140625,0.1595458984375,0.0948486328125
15899,62528,2589,1554,0.97039794921875,-0.18359375,0.15802001953125,0.0948486328125
15899,62510,2572,1553,0.97039794921875,-0.1846923828125,0.156982421875,0.09478759765625
15899,62499,2564,1553,0.97039794921875,-0.18536376953125,0.156494140625,0.09478759765625
15899,62500,2568,1552,0.97039794921875,-0.185302734375,0.15673828125,0.0947265625
15900,62511,2580,1550,0.970458984375,-0.18463134765625,0.157470703125,0.0946044921875
15901,62531,2599,1548,0.97052001953125,-0.18341064453125,0.15863037109375,0.094482421875
15903,62559,2625,1547,0.97064208984375,-0.18170166015625,0.16021728515625,0.09442138671875
15905,62595,2655,1547,0.97076416015625,-0.17950439453125,0.16204833984375,0.09442138671875
15904,62616,2685,1550,0.970703125,-0.17822265625,0.16387939453125,0.0946044921875
15903,62634,2715,1552,0.97064208984375,-0.1771240234375,0.16571044921875,0.0947265625
15902,62647,2740,1553,0.9705810546875,-0.17633056640625,0.167236328125,0.09478759765625
15901,62656,2760,1553,0.97052001953125,-0.17578125,0.16845703125,0.09478759765625
15900,62663,2777,1552,0.970458984375,-0.17535400390625,0.16949462890625,0.0947265625
15899,62668,2789,1552,0.97039794921875,-0.175048828125,0.17022705078125,0.0947265625
15899,62673,2797,1552,0.97039794921875,-0.17474365234375,0.17071533203125,0.0947265625
15900,62678,2801,1553,0.970458984375,-0.1744384765625,0.17095947265625,0.09478759765625
15902,62682,2799,1553,0.9705810546875,-0.1741943359375,0.17083740234375,0.09478759765625
15904,62686,2793,1553,0.970703125,-0.1739501953125,0.17047119140625,0.09478759765625
15907,62690,2783,1552,0.97088623046875,-0.1737060546875,0.16986083984375,0.0947265625
15910,62693,2771,1550,0.9710693359375,-0.17352294921875,0.16912841796875,0.0946044921875
15913,62693,2758,1548,0.97125244140625,-0.17352294921875,0.1683349609375,0.094482421875
15916,62691,2745,1546,0.971435546875,-0.17364501953125,0.16754150390625,0.0943603515625
15918,62688,2733,1545,0.9715576171875,-0.173828125,0.16680908203125,0.09429931640625
15920,62684,2722,1545,0.9716796875,-0.174072265625,0.1661376953125,0.09429931640625
15921,62680,2715,1545,0.97174072265625,-0.17431640625,0.16571044921875,0.09429931640625
15922,62678,2711,1546,0.9718017578125,-0.1744384765625,0.16546630859375,0.0943603515625
15922,62677,2710,1546,0.9718017578125,-0.17449951171875,0.1654052734375,0.0943603515625
15922,62680,2714,1546,0.9718017578125,-0.17431640625,0.1656494140625,0.0943603515625
15922,62686,2722,1546,0.9718017578125,-0.1739501953125,0.1661376953125,0.0943603515625
15922,62696,2733,1546,0.9718017578125,-0.17333984375,0.16680908203125,0.0943603515625
15923,62709,2746,1546,0.97186279296875,-0.17254638671875,0.1676025390625,0.0943603515625
15923,62718,2760,1548,0.97186279296875,-0.1719970703125,0.16845703125,0.094482421875
15922,62725,2774,1550,0.9718017578125,-0.17156982421875,0.1693115234375,0.0946044921875
15921,62731,2787,1552,0.97174072265625,-0.17120361328125,0.17010498046875,0.0947265625
15920,62736,2798,1553,0.9716796875,-0.1708984375,0.1707763671875,0.09478759765625
15919,62740,2808,1553,0.97161865234375,-0.170654296875,0.17138671875,0.09478759765625
15919,62744,2816,1553,0.97161865234375,-0.17041015625,0.171875,0.09478759765625
15919,62748,2822,1554,0.97161865234375,-0.170166015625,0.1722412109375,0.0948486328125
15919,62752,2826,1556,0.97161865234375,-0.169921875,0.1724853515625,0.094970703125
15920,62757,2828,1557,0.9716796875,-0.16961669921875,0.172607421875,0.09503173828125
15921,62762,2828,1557,0.97174072265625,-0.1693115234375,0.172607421875,0.09503173828125
15923,62767,2826,1554,0.97186279296875,-0.16900634765625,0.1724853515625,0.0948486328125
15927,62768,2816,1550,0.97210693359375,-0.1689453125,0.171875,0.0946044921875
15937,62776,2767,1554,0.97271728515625,-0.16845703125,0.16888427734375,0.0948486328125
15956,62785,2674,1552,0.973876953125,-0.16790771484375,0.1632080078125,0.0947265625
15966,62773,2628,1523,0.9744873046875,-0.16864013671875,0.160400390625,0.09295654296875
15972,62743,2592,1481,0.974853515625,-0.17047119140625,0.158203125,0.09039306640625
15977,62705,2561,1425,0.97515869140625,-0.17279052734375,0.15631103515625,0.08697509765625
15981,62686,2534,1391,0.97540283203125,-0.1739501953125,0.1546630859375,0.08489990234375
15983,62669,2516,1370,0.97552490234375,-0.17498779296875,0.153564453125,0.0836181640625
15984,62660,2510,1352,0.9755859375,-0.175537109375,0.1531982421875,0.08251953125
15985,62672,2535,1321,0.97564697265625,-0.1748046875,0.15472412109375,0.08062744140625
15987,62706,2586,1280,0.97576904296875,-0.1727294921875,0.1578369140625,0.078125
15988,62752,2653,1241,0.975830078125,-0.169921875,0.16192626953125,0.07574462890625
15986,62792,2721,1210,0.9757080078125,-0.16748046875,0.16607666015625,0.0738525390625
15987,62860,2786,1184,0.97576904296875,-0.163330078125,0.1700439453125,0.072265625
15997,62963,2841,1157,0.97637939453125,-0.15704345703125,0.17340087890625,0.07061767578125
16007,63070,2896,1129,0.97698974609375,-0.1505126953125,0.1767578125,0.06890869140625
16014,63171,2962,1095,0.9774169921875,-0.14434814453125,0.1807861328125,0.06683349609375
16019,63272,3035,1055,0.97772216796875,-0.13818359375,0.18524169921875,0.06439208984375
16027,63391,3106,1005,0.97821044921875,-0.13092041015625,0.1895751953125,0.06134033203125
16035,63518,3172,954,0.97869873046875,-0.1231689453125,0.193603515625,0.0582275390625
16041,63627,3225,909,0.97906494140625,-0.11651611328125,0.19683837890625,0.05548095703125
16045,63715,3266,871,0.97930908203125,-0.11114501953125,0.1993408203125,0.05316162109375
16050,63789,3290,836,0.9796142578125,-0.10662841796875,0.2008056640625,0.051025390625
16057,63866,3303,804,0.98004150390625,-0.1019287109375,0.20159912109375,0.049072265625
16066,63955,3305,783,0.9805908203125,-0.09649658203125,0.20172119140625,0.04779052734375
16077,64064,3298,779,0.98126220703125,-0.08984375,0.2012939453125,0.04754638671875
16090,64202,3288,798,0.9820556640625,-0.0814208984375,0.20068359375,0.0487060546875
16102,64350,3280,827,0.9827880859375,-0.0723876953125,0.2001953125,0.05047607421875
16113,64495,3274,858,0.98345947265625,-0.06353759765625,0.1998291015625,0.0523681640625
16122,64633,3271,882,0.9840087890625,-0.05511474609375,0.19964599609375,0.0538330078125
16129,64756,3273,890,0.98443603515625,-0.047607421875,0.19976806640625,0.0543212890625
16135,64868,3279,889,0.98480224609375,-0.040771484375,0.20013427734375,0.05426025390625
16139,64972,3289,886,0.98504638671875,-0.034423828125,0.20074462890625,0.0540771484375
16140,65071,3302,887,0.985107421875,-0.02838134765625,0.2015380859375,0.05413818359375
16140,65167,3318,896,0.985107421875,-0.02252197265625,0.2025146484375,0.0546875
16138,65259,3338,913,0.9849853515625,-0.01690673828125,0.2037353515625,0.05572509765625
16135,65346,3360,933,0.98480224609375,-0.0115966796875,0.205078125,0.05694580078125
16131,65428,3383,951,0.98455810546875,-0.006591796875,0.20648193359375,0.05804443359375
16127,65502,3405,966,0.98431396484375,-0.0020751953125,0.20782470703125,0.0589599609375
16124,31,3421,976,0.984130859375,0.00189208984375,0.20880126953125,0.0595703125
16122,93,3433,983,0.9840087890625,0.00567626953125,0.20953369140625,0.05999755859375
16121,154,3440,989,0.98394775390625,0.0093994140625,0.2099609375,0.06036376953125
16121,213,3442,996,0.98394775390625,0.01300048828125,0.2100830078125,0.060791015625
16121,271,3438,1006,0.98394775390625,0.01654052734375,0.2098388671875,0.0614013671875
16122,328,3428,1021,0.9840087890625,0.02001953125,0.209228515625,0.06231689453125
16123,382,3413,1040,0.98406982421875,0.0233154296875,0.20831298828125,0.0634765625
16125,434,3394,1061,0.98419189453125,0.0264892578125,0.2071533203125,0.06475830078125
16128,484,3370,1083,0.984375,0.029541015625,0.2056884765625,0.06610107421875
16131,534,3342,1106,0.98455810546875,0.0325927734375,0.2039794921875,0.0675048828125
16135,583,3312,1130,0.98480224609375,0.03558349609375,0.2021484375,0.0689697265625
16138,630,3281,1157,0.9849853515625,0.0384521484375,0.20025634765625,0.07061767578125
16141,672,3250,1189,0.98516845703125,0.041015625,0.1983642578125,0.07257080078125
16144,715,3218,1224,0.9853515625,0.04364013671875,0.1964111328125,0.07470703125
16146,763,3184,1262,0.9854736328125,0.04656982421875,0.1943359375,0.0770263671875
16148,814,3149,1303,0.985595703125,0.0496826171875,0.19219970703125,0.07952880859375
16150,864,3114,1348,0.9857177734375,0.052734375,0.1900634765625,0.082275390625
16151,912,3078,1397,0.98577880859375,0.0556640625,0.1878662109375,0.08526611328125
16152,959,3041,1447,0.98583984375,0.05853271484375,0.18560791015625,0.08831787109375
16154,1003,3003,1497,0.9859619140625,0.06121826171875,0.18328857421875,0.09136962890625
16155,1039,2963,1548,0.98602294921875,0.06341552734375,0.18084716796875,0.094482421875
16157,1068,2919,1598,0.98614501953125,0.065185546875,0.17816162109375,0.0975341796875
16161,1091,2870,1647,0.98638916015625,0.06658935546875,0.1751708984375,0.10052490234375
16166,1109,2813,1694,0.9866943359375,0.06768798828125,0.17169189453125,0.1033935546875
16172,1128,2751,1739,0.987060546875,0.06884765625,0.16790771484375,0.10614013671875
16178,1151,2684,1781,0.9874267578125,0.07025146484375,0.163818359375,0.10870361328125
16184,1180,2614,1821,0.98779296875,0.072021484375,0.1595458984375,0.11114501953125
16190,1216,2540,1860,0.9881591796875,0.07421875,0.155029296875,0.113525390625
16195,1257,2463,1898,0.98846435546875,0.07672119140625,0.15032958984375,0.1158447265625
16200,1301,2383,1936,0.98876953125,0.07940673828125,0.14544677734375,0.1181640625
16205,1349,2301,1973,0.98907470703125,0.08233642578125,0.14044189453125,0.12042236328125
16209,1399,2216,2008,0.98931884765625,0.08538818359375,0.13525390625,0.12255859375
16213,1454,2128,2040,0.98956298828125,0.0887451171875,0.1298828125,0.12451171875
16217,1511,2039,2070,0.98980712890625,0.09222412109375,0.12445068359375,0.1263427734375
16220,1566,1950,2099,0.989990234375,0.0955810546875,0.1190185546875,0.12811279296875
16222,1621,1862,2128,0.9901123046875,0.09893798828125,0.1136474609375,0.1298828125
16223,1677,1776,2156,0.99017333984375,0.10235595703125,0.1083984375,0.131591796875
16225,1707,1697,2187,0.99029541015625,0.10418701171875,0.10357666015625,0.13348388671875
16228,1706,1629,2213,0.990478515625,0.1041259765625,0.09942626953125,0.13507080078125
16232,1705,1576,2227,0.99072265625,0.10406494140625,0.09619140625,0.13592529296875
16236,1711,1532,2226,0.990966796875,0.10443115234375,0.093505859375,0.1358642578125
16240,1725,1492,2220,0.9912109375,0.10528564453125,0.091064453125,0.135498046875
16243,1753,1447,2216,0.99139404296875,0.10699462890625,0.08831787109375,0.13525390625
16243,1795,1396,2220,0.99139404296875,0.10955810546875,0.085205078125,0.135498046875
16241,1846,1339,2234,0.99127197265625,0.1126708984375,0.08172607421875,0.1363525390625
16236,1913,1279,2258,0.990966796875,0.11676025390625,0.07806396484375,0.1378173828125
16227,2005,1213,2287,0.99041748046875,0.12237548828125,0.07403564453125,0.13958740234375
16215,2114,1136,2320,0.98968505859375,0.1290283203125,0.0693359375,0.1416015625
16203,2220,1049,2357,0.98895263671875,0.135498046875,0.06402587890625,0.14385986328125
16190,2328,947,2400,0.9881591796875,0.14208984375,0.05780029296875,0.146484375
16175,2433,833,2446,0.98724365234375,0.14849853515625,0.05084228515625,0.1492919921875
16163,2515,711,2494,0.98651123046875,0.15350341796875,0.04339599609375,0.1522216796875
16148,2608,585,2540,0.985595703125,0.1591796875,0.03570556640625,0.155029296875
16132,2698,457,2586,0.984619140625,0.1646728515625,0.02789306640625,0.1578369140625
16114,2796,331,2629,0.9835205078125,0.170654296875,0.02020263671875,0.16046142578125
16089,2921,204,2673,0.98199462890625,0.17828369140625,0.012451171875,0.16314697265625
16059,3055,74,2722,0.98016357421875,0.18646240234375,0.0045166015625,0.1661376953125
16027,3186,65480,2778,0.97821044921875,0.1944580078125,-0.00341796875,0.1695556640625
15992,3306,65349,2840,0.97607421875,0.2017822265625,-0.01141357421875,0.17333984375
15956,3423,65219,2904,0.973876953125,0.20892333984375,-0.01934814453125,0.17724609375
15918,3538,65091,2964,0.9715576171875,0.2159423828125,-0.02716064453125,0.180908203125
15879,3651,64970,3020,0.96917724609375,0.22283935546875,-0.0345458984375,0.184326171875
15840,3755,64857,3070,0.966796875,0.22918701171875,-0.04144287109375,0.1873779296875
15802,3856,64751,3117,0.9644775390625,0.2353515625,-0.04791259765625,0.19024658203125
15765,3947,64651,3158,0.96221923828125,0.24090576171875,-0.05401611328125,0.1927490234375
15730,4029,64552,3194,0.9600830078125,0.24591064453125,-0.06005859375,0.1949462890625
15699,4096,64443,3220,0.95819091796875,0.25,-0.06671142578125,0.196533203125
15671,4150,64328,3237,0.95648193359375,0.2532958984375,-0.07373046875,0.19757080078125
15651,4179,64204,3244,0.95526123046875,0.25506591796875,-0.081298828125,0.197998046875
15639,4174,64066,3239,0.95452880859375,0.2547607421875,-0.0897216796875,0.19769287109375
15642,4119,63900,3209,0.9547119140625,0.25140380859375,-0.099853515625,0.19586181640625
15651,4037,63717,3157,0.95526123046875,0.24639892578125,-0.11102294921875,0.19268798828125
15668,3936,63532,3080,0.956298828125,0.240234375,-0.122314453125,0.18798828125
15689,3829,63354,2976,0.95758056640625,0.23370361328125,-0.1331787109375,0.181640625
15712,3731,63194,2840,0.958984375,0.22772216796875,-0.1429443359375,0.17333984375
15735,3690,63101,2697,0.96038818359375,0.2252197265625,-0.14862060546875,0.16461181640625
15739,3765,63101,2580,0.96063232421875,0.22979736328125,-0.14862060546875,0.157470703125
15718,3886,63096,2503,0.9593505859375,0.2371826171875,-0.14892578125,0.15277099609375
15696,3979,63068,2449,0.9580078125,0.24285888671875,-0.150634765625,0.14947509765625
15674,4033,63004,2416,0.9566650390625,0.24615478515625,-0.154541015625,0.1474609375
15648,4063,62904,2405,0.955078125,0.24798583984375,-0.16064453125,0.14678955078125
15617,4103,62794,2424,0.95318603515625,0.25042724609375,-0.1673583984375,0.14794921875
15570,4199,62717,2485,0.9503173828125,0.25628662109375,-0.17205810546875,0.15167236328125
15513,4336,62669,2565,0.94683837890625,0.2646484375,-0.17498779296875,0.15655517578125
15455,4480,62638,2646,0.94329833984375,0.2734375,-0.1768798828125,0.1614990234375
15404,4602,62609,2716,0.940185546875,0.2808837890625,-0.17864990234375,0.165771484375
15362,4688,62575,2764,0.9376220703125,0.2861328125,-0.18072509765625,0.168701171875
15329,4745,62526,2783,0.93560791015625,0.28961181640625,-0.1837158203125,0.16986083984375
15296,4803,62464,2787,0.93359375,0.29315185546875,-0.1875,0.17010498046875
15260,4863,62390,2783,0.931396484375,0.29681396484375,-0.1920166015625,0.16986083984375
15221,4931,62306,2776,0.92901611328125,0.30096435546875,-0.1971435546875,0.16943359375
15170,5030,62214,2769,0.9259033203125,0.3070068359375,-0.2027587890625,0.16900634765625
15114,5150,62125,2764,0.9224853515625,0.3143310546875,-0.20819091796875,0.168701171875
15056,5274,62045,2759,0.9189453125,0.3218994140625,-0.21307373046875,0.16839599609375
15000,5398,61978,2755,0.91552734375,0.3294677734375,-0.2171630859375,0.16815185546875
14943,5526,61927,2755,0.91204833984375,0.3372802734375,-0.22027587890625,0.16815185546875
14886,5664,61899,2763,0.9085693359375,0.345703125,-0.22198486328125,0.16864013671875
14827,5806,61888,2780,0.90496826171875,0.3543701171875,-0.22265625,0.169677734375
14767,5953,61890,2807,0.90130615234375,0.36334228515625,-0.2225341796875,0.17132568359375
14703,6102,61900,2844,0.89739990234375,0.3724365234375,-0.221923828125,0.173583984375
14634,6257,61914,2890,0.8931884765625,0.38189697265625,-0.2210693359375,0.1763916015625
14560,6415,61926,2941,0.888671875,0.39154052734375,-0.2203369140625,0.17950439453125
14480,6578,61934,2994,0.8837890625,0.4014892578125,-0.2198486328125,0.1827392578125
14395,6743,61937,3049,0.87860107421875,0.41156005859375,-0.21966552734375,0.18609619140625
14302,6910,61931,3101,0.8729248046875,0.4217529296875,-0.22003173828125,0.18927001953125
14207,7073,61910,3143,0.86712646484375,0.43170166015625,-0.2213134765625,0.19183349609375
14115,7228,61882,3176,0.86151123046875,0.441162109375,-0.2230224609375,0.19384765625
14025,7375,61850,3203,0.85601806640625,0.45013427734375,-0.2249755859375,0.19549560546875
13936,7520,61814,3223,0.8505859375,0.458984375,-0.2271728515625,0.19671630859375
13849,7660,61774,3235,0.84527587890625,0.467529296875,-0.2296142578125,0.19744873046875
13763,7795,61732,3244,0.84002685546875,0.47576904296875,-0.232177734375,0.197998046875
13677,7926,61690,3253,0.83477783203125,0.4837646484375,-0.2347412109375,0.19854736328125
13593,8051,61650,3264,0.82965087890625,0.49139404296875,-0.2371826171875,0.19921875
13510,8170,61613,3278,0.8245849609375,0.4986572265625,-0.23944091796875,0.2000732421875
13431,8281,61578,3295,0.81976318359375,0.50543212890625,-0.2415771484375,0.20111083984375
13355,8384,61544,3310,0.81512451171875,0.51171875,-0.24365234375,0.2020263671875
13284,8479,61512,3323,0.810791015625,0.51751708984375,-0.24560546875,0.20281982421875
13217,8568,61480,3335,0.80670166015625,0.52294921875,-0.24755859375,0.20355224609375
13154,8647,61447,3345,0.8028564453125,0.52777099609375,-0.24957275390625,0.20416259765625
13094,8720,61413,3353,0.7991943359375,0.5322265625,-0.25164794921875,0.20465087890625
13039,8786,61378,3358,0.79583740234375,0.5362548828125,-0.2537841796875,0.2049560546875
12988,8847,61342,3357,0.792724609375,0.53997802734375,-0.2559814453125,0.20489501953125
12943,8901,61308,3348,0.78997802734375,0.54327392578125,-0.258056640625,0.204345703125
12903,8952,61276,3331,0.78753662109375,0.54638671875,-0.260009765625,0.20330810546875
12867,9001,61247,3305,0.78533935546875,0.54937744140625,-0.26177978515625,0.20172119140625
12835,9050,61221,3270,0.78338623046875,0.5523681640625,-0.26336669921875,0.1995849609375
12806,9100,61199,3226,0.7816162109375,0.555419921875,-0.26470947265625,0.1968994140625
12778,9153,61181,3170,0.7799072265625,0.55865478515625,-0.26580810546875,0.1934814453125
12752,9208,61167,3106,0.7783203125,0.56201171875,-0.26666259765625,0.1895751953125
12729,9262,61156,3036,0.77691650390625,0.5653076171875,-0.267333984375,0.185302734375
12708,9316,61150,2962,0.775634765625,0.568603515625,-0.2677001953125,0.1807861328125
12686,9371,61151,2884,0.7742919921875,0.57196044921875,-0.26763916015625,0.176025390625
12665,9428,61157,2806,0.77301025390625,0.575439453125,-0.26727294921875,0.1712646484375
12643,9487,61169,2730,0.77166748046875,0.57904052734375,-0.26654052734375,0.1666259765625
12617,9551,61184,2658,0.77008056640625,0.58294677734375,-0.265625,0.1622314453125
12585,9623,61205,2595,0.76812744140625,0.58734130859375,-0.26434326171875,0.15838623046875
12546,9702,61228,2542,0.7657470703125,0.5921630859375,-0.262939453125,0.1551513671875
12499,9788,61254,2501,0.76287841796875,0.597412109375,-0.2613525390625,0.15264892578125
12444,9881,61280,2472,0.759521484375,0.60308837890625,-0.259765625,0.15087890625
12378,9980,61306,2461,0.7554931640625,0.609130859375,-0.2581787109375,0.15020751953125
12306,10082,61330,2464,0.7510986328125,0.6153564453125,-0.2567138671875,0.150390625
12230,10183,61353,2479,0.7464599609375,0.62152099609375,-0.25531005859375,0.15130615234375
12154,10281,61375,2505,0.7418212890625,0.62750244140625,-0.25396728515625,0.15289306640625
12082,10370,61398,2541,0.7374267578125,0.6329345703125,-0.2525634765625,0.15509033203125
12014,10452,61422,2581,0.7332763671875,0.637939453125,-0.2510986328125,0.15753173828125
11950,10528,61448,2625,0.7293701171875,0.642578125,-0.24951171875,0.16021728515625
11889,10599,61475,2669,0.72564697265625,0.64691162109375,-0.24786376953125,0.16290283203125
11830,10667,61501,2711,0.7220458984375,0.65106201171875,-0.24627685546875,0.16546630859375
11772,10732,61522,2748,0.718505859375,0.655029296875,-0.2449951171875,0.167724609375
11714,10796,61539,2779,0.7149658203125,0.658935546875,-0.24395751953125,0.16961669921875
11658,10858,61551,2805,0.7115478515625,0.6627197265625,-0.24322509765625,0.17120361328125
11604,10916,61558,2825,0.708251953125,0.666259765625,-0.2427978515625,0.17242431640625
11556,10967,61560,2837,0.705322265625,0.66937255859375,-0.24267578125,0.17315673828125
11515,11011,61559,2844,0.70281982421875,0.67205810546875,-0.24273681640625,0.173583984375
11482,11047,61557,2846,0.7008056640625,0.67425537109375,-0.24285888671875,0.1737060546875
11458,11074,61554,2844,0.6993408203125,0.6759033203125,-0.2430419921875,0.173583984375
11443,11092,61550,2839,0.69842529296875,0.677001953125,-0.2432861328125,0.17327880859375
11439,11100,61547,2831,0.69818115234375,0.677490234375,-0.24346923828125,0.17279052734375
11442,11101,61545,2821,0.6983642578125,0.67755126953125,-0.24359130859375,0.17218017578125
11451,11096,61543,2809,0.69891357421875,0.67724609375,-0.24371337890625,0.17144775390625
11465,11086,61542,2796,0.69976806640625,0.6766357421875,-0.2437744140625,0.170654296875
11486,11069,61541,2780,0.7010498046875,0.67559814453125,-0.24383544921875,0.169677734375
11514,11046,61539,2760,0.7027587890625,0.6741943359375,-0.24395751953125,0.16845703125
11549,11016,61536,2735,0.70489501953125,0.67236328125,-0.244140625,0.16693115234375
11592,10978,61532,2705,0.70751953125,0.6700439453125,-0.244384765625,0.16510009765625
11647,10928,61526,2665,0.71087646484375,0.6669921875,-0.2447509765625,0.16265869140625
11709,10871,61520,2618,0.71466064453125,0.66351318359375,-0.2451171875,0.1597900390625
11780,10807,61515,2564,0.718994140625,0.65960693359375,-0.24542236328125,0.156494140625
11859,10735,61512,2500,0.72381591796875,0.65521240234375,-0.24560546875,0.152587890625
11943,10658,61510,2428,0.72894287109375,0.6505126953125,-0.2457275390625,0.148193359375
12029,10578,61510,2350,0.73419189453125,0.6456298828125,-0.2457275390625,0.1434326171875
12116,10497,61510,2265,0.739501953125,0.64068603515625,-0.2457275390625,0.13824462890625
12195,10423,61506,2170,0.74432373046875,0.63616943359375,-0.2459716796875,0.1324462890625
12263,10358,61498,2070,0.74847412109375,0.6322021484375,-0.2464599609375,0.1263427734375
12320,10304,61483,1962,0.751953125,0.62890625,-0.24737548828125,0.1197509765625
12363,10263,61460,1848,0.75457763671875,0.62640380859375,-0.248779296875,0.11279296875
12390,10235,61426,1727,0.7562255859375,0.62469482421875,-0.2508544921875,0.10540771484375
12406,10219,61385,1602,0.7572021484375,0.62371826171875,-0.25335693359375,0.0977783203125
12459,10165,61358,1490,0.76043701171875,0.62042236328125,-0.2550048828125,0.0909423828125
12525,10094,61339,1384,0.76446533203125,0.6160888671875,-0.25616455078125,0.08447265625
12600,10009,61326,1289,0.76904296875,0.61090087890625,-0.2569580078125,0.07867431640625
12676,9920,61314,1202,0.773681640625,0.60546875,-0.2576904296875,0.0733642578125
12752,9827,61301,1123,0.7783203125,0.59979248046875,-0.25848388671875,0.06854248046875
12826,9732,61284,1048,0.7828369140625,0.593994140625,-0.259521484375,0.06396484375
12899,9634,61265,973,0.78729248046875,0.5880126953125,-0.26068115234375,0.05938720703125
12974,9535,61242,896,0.7918701171875,0.58197021484375,-0.2620849609375,0.0546875
13039,9445,61216,815,0.79583740234375,0.57647705078125,-0.263671875,0.04974365234375
13081,9382,61180,728,0.79840087890625,0.5726318359375,-0.265869140625,0.04443359375
13111,9332,61138,639,0.80023193359375,0.569580078125,-0.2684326171875,0.03900146484375
13132,9286,61093,548,0.801513671875,0.5667724609375,-0.27117919921875,0.033447265625
13151,9241,61046,456,0.80267333984375,0.56402587890625,-0.2740478515625,0.02783203125
13170,9195,60998,365,0.8038330078125,0.56121826171875,-0.2769775390625,0.02227783203125
13190,9147,60952,275,0.8050537109375,0.55828857421875,-0.27978515625,0.01678466796875
13209,9098,60908,188,0.80621337890625,0.5552978515625,-0.282470703125,0.011474609375
13230,9047,60867,104,0.8074951171875,0.55218505859375,-0.28497314453125,0.00634765625
13252,8996,60828,23,0.808837890625,0.549072265625,-0.287353515625,0.00140380859375
13272,8944,60790,65479,0.81005859375,0.5458984375,-0.2896728515625,-0.00347900390625
13292,8893,60752,65399,0.811279296875,0.54278564453125,-0.2919921875,-0.00836181640625
13312,8840,60715,65320,0.8125,0.53955078125,-0.29425048828125,-0.01318359375
13336,8785,60677,65241,0.81396484375,0.53619384765625,-0.29656982421875,-0.01800537109375
13363,8725,60639,65162,0.81561279296875,0.53253173828125,-0.29888916015625,-0.0228271484375
13394,8658,60601,65084,0.8175048828125,0.5284423828125,-0.30120849609375,-0.027587890625
13428,8583,60564,65005,0.819580078125,0.52386474609375,-0.303466796875,-0.03240966796875
13465,8502,60524,64928,0.82183837890625,0.5189208984375,-0.305908203125,-0.037109375
13505,8413,60483,64852,0.82427978515625,0.51348876953125,-0.30841064453125,-0.041748046875
13549,8315,60440,64776,0.82696533203125,0.50750732421875,-0.31103515625,-0.04638671875
13595,8209,60395,64700,0.82977294921875,0.50103759765625,-0.31378173828125,-0.051025390625
13645,8094,60348,64623,0.83282470703125,0.4940185546875,-0.316650390625,-0.05572509765625
13698,7967,60298,64545,0.8360595703125,0.48626708984375,-0.3197021484375,-0.06048583984375
13756,7828,60247,64466,0.839599609375,0.477783203125,-0.32281494140625,-0.0653076171875
13821,7673,60193,64386,0.84356689453125,0.46832275390625,-0.32611083984375,-0.0701904296875
13891,7501,60137,64304,0.84783935546875,0.45782470703125,-0.32952880859375,-0.0751953125
13961,7313,60081,64221,0.85211181640625,0.44635009765625,-0.33294677734375,-0.08026123046875
14035,7118,60023,64139,0.85662841796875,0.4344482421875,-0.33648681640625,-0.08526611328125
14109,6920,59966,64061,0.86114501953125,0.42236328125,-0.3399658203125,-0.09002685546875
14181,6720,59913,63989,0.86553955078125,0.41015625,-0.34320068359375,-0.09442138671875
14253,6518,59863,63922,0.86993408203125,0.3978271484375,-0.34625244140625,-0.0985107421875
14325,6316,59820,63860,0.87432861328125,0.385498046875,-0.348876953125,-0.102294921875
14395,6111,59781,63802,0.87860107421875,0.37298583984375,-0.35125732421875,-0.1058349609375
14466,5906,59749,63749,0.8829345703125,0.3604736328125,-0.35321044921875,-0.10906982421875
14535,5699,59721,63700,0.88714599609375,0.34783935546875,-0.35491943359375,-0.112060546875
14604,5490,59696,63656,0.891357421875,0.3350830078125,-0.3564453125,-0.11474609375
14673,5280,59679,63616,0.89556884765625,0.322265625,-0.35748291015625,-0.1171875
14741,5068,59668,63581,0.89971923828125,0.309326171875,-0.358154296875,-0.11932373046875
14812,4857,59670,63553,0.904052734375,0.29644775390625,-0.3580322265625,-0.12103271484375
14883,4645,59682,63528,0.90838623046875,0.28350830078125,-0.3572998046875,-0.12255859375
14953,4435,59704,63503,0.91265869140625,0.27069091796875,-0.35595703125,-0.12408447265625
15024,4230,59733,63481,0.9169921875,0.2581787109375,-0.35418701171875,-0.12542724609375
15087,4051,59770,63468,0.92083740234375,0.24725341796875,-0.3519287109375,-0.126220703125
15143,3892,59805,63464,0.92425537109375,0.237548828125,-0.34979248046875,-0.12646484375
15192,3751,59839,63470,0.92724609375,0.22894287109375,-0.34771728515625,-0.1260986328125
15238,3624,59874,63490,0.9300537109375,0.22119140625,-0.3455810546875,-0.1248779296875
15282,3512,59911,63527,0.9327392578125,0.21435546875,-0.34332275390625,-0.12261962890625
15326,3415,59954,63585,0.9354248046875,0.20843505859375,-0.3406982421875,-0.11907958984375
15369,3328,60000,63648,0.93804931640625,0.203125,-0.337890625,-0.115234375
15409,3249,60047,63701,0.94049072265625,0.19830322265625,-0.33502197265625,-0.11199951171875
15445,3172,60089,63738,0.94268798828125,0.193603515625,-0.33245849609375,-0.1097412109375
15477,3094,60123,63758,0.94464111328125,0.1888427734375,-0.33038330078125,-0.1085205078125
15501,3012,60144,63755,0.94610595703125,0.183837890625,-0.3291015625,-0.10870361328125
15522,2924,60154,63736,0.9473876953125,0.178466796875,-0.3284912109375,-0.10986328125
15539,2829,60156,63705,0.94842529296875,0.17266845703125,-0.328369140625,-0.11175537109375
15555,2726,60154,63669,0.94940185546875,0.1663818359375,-0.3284912109375,-0.11395263671875
15572,2605,60157,63634,0.950439453125,0.15899658203125,-0.32830810546875,-0.1160888671875
15590,2475,60164,63600,0.9515380859375,0.15106201171875,-0.327880859375,-0.1181640625
15610,2335,60174,63566,0.9527587890625,0.14251708984375,-0.3272705078125,-0.1202392578125
15632,2183,60188,63531,0.9541015625,0.13323974609375,-0.326416015625,-0.12237548828125
15655,2018,60206,63494,0.95550537109375,0.1231689453125,-0.3253173828125,-0.1246337890625
15680,1833,60226,63453,0.95703125,0.11187744140625,-0.3240966796875,-0.12713623046875
15704,1629,60247,63410,0.95849609375,0.09942626953125,-0.32281494140625,-0.1297607421875
15728,1411,60270,63365,0.9599609375,0.08612060546875,-0.3214111328125,-0.13250732421875
15749,1192,60294,63322,0.96124267578125,0.07275390625,-0.3199462890625,-0.1351318359375
15768,973,60322,63283,0.96240234375,0.05938720703125,-0.3182373046875,-0.13751220703125
15788,753,60355,63248,0.963623046875,0.04595947265625,-0.31622314453125,-0.1396484375
15806,533,60392,63217,0.9647216796875,0.03253173828125,-0.31396484375,-0.14154052734375
15822,313,60433,63188,0.9656982421875,0.01910400390625,-0.31146240234375,-0.143310546875
15836,91,60479,63160,0.966552734375,0.00555419921875,-0.30865478515625,-0.14501953125
15850,65406,60529,63132,0.9674072265625,-0.0079345703125,-0.30560302734375,-0.146728515625
15861,65186,60583,63104,0.96807861328125,-0.0213623046875,-0.30230712890625,-0.1484375
15869,64967,60641,63074,0.96856689453125,-0.03472900390625,-0.29876708984375,-0.1502685546875
15875,64749,60701,63043,0.96893310546875,-0.04803466796875,-0.29510498046875,-0.15216064453125
15880,64533,60768,63010,0.96923828125,-0.06121826171875,-0.291015625,-0.1541748046875
15883,64318,60843,62977,0.96942138671875,-0.0743408203125,-0.28643798828125,-0.15618896484375
15882,64104,60918,62943,0.9693603515625,-0.08740234375,-0.2818603515625,-0.15826416015625
15879,63890,60992,62909,0.96917724609375,-0.1004638671875,-0.27734375,-0.16033935546875
15874,63676,61072,62878,0.9688720703125,-0.113525390625,-0.2724609375,-0.1622314453125
15865,63462,61149,62847,0.96832275390625,-0.1265869140625,-0.26776123046875,-0.16412353515625
15854,63248,61226,62819,0.9676513671875,-0.1396484375,-0.2630615234375,-0.16583251953125
15840,63034,61307,62791,0.966796875,-0.1527099609375,-0.25811767578125,-0.16754150390625
15822,62820,61386,62764,0.9656982421875,-0.165771484375,-0.2532958984375,-0.169189453125
15802,62606,61466,62738,0.9644775390625,-0.1788330078125,-0.2484130859375,-0.1707763671875
15780,62404,61542,62714,0.963134765625,-0.191162109375,-0.2437744140625,-0.1722412109375
15758,62215,61612,62695,0.9617919921875,-0.20269775390625,-0.239501953125,-0.17340087890625
15734,62039,61676,62679,0.9603271484375,-0.21343994140625,-0.235595703125,-0.17437744140625
15711,61878,61734,62670,0.95892333984375,-0.2232666015625,-0.2320556640625,-0.1749267578125
15687,61727,61787,62665,0.95745849609375,-0.23248291015625,-0.22882080078125,-0.17523193359375
15664,61583,61837,62664,0.9560546875,-0.24127197265625,-0.22576904296875,-0.17529296875
15641,61446,61885,62665,0.95465087890625,-0.2496337890625,-0.22283935546875,-0.17523193359375
15619,61314,61932,62669,0.95330810546875,-0.2576904296875,-0.219970703125,-0.17498779296875
15596,61184,61979,62677,0.951904296875,-0.265625,-0.21710205078125,-0.17449951171875
15573,61054,62026,62687,0.95050048828125,-0.2735595703125,-0.2142333984375,-0.17388916015625
15549,60924,62073,62699,0.94903564453125,-0.281494140625,-0.21136474609375,-0.17315673828125
15524,60793,62121,62712,0.947509765625,-0.28948974609375,-0.20843505859375,-0.17236328125
15497,60659,62168,62725,0.94586181640625,-0.29766845703125,-0.20556640625,-0.17156982421875
15467,60521,62217,62739,0.94403076171875,-0.30609130859375,-0.20257568359375,-0.17071533203125
15435,60378,62268,62752,0.94207763671875,-0.3148193359375,-0.199462890625,-0.169921875
15400,60228,62322,62764,0.93994140625,-0.323974609375,-0.1961669921875,-0.169189453125
15361,60071,62380,62777,0.93756103515625,-0.33355712890625,-0.192626953125,-0.16839599609375
15318,59908,62441,62789,0.9349365234375,-0.343505859375,-0.18890380859375,-0.16766357421875
15272,59741,62504,62802,0.93212890625,-0.35369873046875,-0.18505859375,-0.1668701171875
15224,59573,62569,62813,0.92919921875,-0.36395263671875,-0.18109130859375,-0.16619873046875
15173,59405,62636,62825,0.92608642578125,-0.37420654296875,-0.177001953125,-0.16546630859375
15122,59240,62703,62835,0.9229736328125,-0.38427734375,-0.17291259765625,-0.16485595703125
15071,59081,62769,62845,0.91986083984375,-0.39398193359375,-0.16888427734375,-0.16424560546875
15020,58929,62832,62855,0.916748046875,-0.40325927734375,-0.1650390625,-0.16363525390625
14969,58785,62892,62865,0.91363525390625,-0.41204833984375,-0.161376953125,-0.16302490234375
14921,58652,62948,62874,0.91070556640625,-0.420166015625,-0.157958984375,-0.1624755859375
14875,58528,63000,62884,0.90789794921875,-0.427734375,-0.15478515625,-0.161865234375
14831,58414,63048,62894,0.90521240234375,-0.4346923828125,-0.15185546875,-0.1612548828125
14790,58310,63093,62906,0.9027099609375,-0.4410400390625,-0.14910888671875,-0.1605224609375
14755,58219,63134,62919,0.90057373046875,-0.44659423828125,-0.1466064453125,-0.15972900390625
14724,58139,63172,62932,0.898681640625,-0.45147705078125,-0.144287109375,-0.158935546875
14697,58070,63207,62946,0.89703369140625,-0.4556884765625,-0.14215087890625,-0.1580810546875
14674,58010,63240,62961,0.8956298828125,-0.4593505859375,-0.14013671875,-0.15716552734375
14657,57963,63270,62976,0.89459228515625,-0.46221923828125,-0.1383056640625,-0.15625
14645,57926,63298,62992,0.89385986328125,-0.4644775390625,-0.1365966796875,-0.1552734375
14638,57899,63323,63009,0.8934326171875,-0.46612548828125,-0.13507080078125,-0.15423583984375
14635,57880,63346,63027,0.89324951171875,-0.46728515625,-0.1336669921875,-0.15313720703125
14636,57870,63366,63046,0.893310546875,-0.4678955078125,-0.1324462890625,-0.1519775390625
14643,57870,63385,63066,0.89373779296875,-0.4678955078125,-0.13128662109375,-0.1507568359375
14653,57877,63402,63088,0.89434814453125,-0.46746826171875,-0.1302490234375,-0.1494140625
14667,57892,63417,63111,0.89520263671875,-0.466552734375,-0.12933349609375,-0.14801025390625
14685,57915,63430,63135,0.89630126953125,-0.46514892578125,-0.1285400390625,-0.14654541015625
14709,57949,63441,63161,0.89776611328125,-0.46307373046875,-0.12786865234375,-0.14495849609375
14737,57991,63449,63189,0.89947509765625,-0.46051025390625,-0.12738037109375,-0.14324951171875
14769,58041,63455,63219,0.90142822265625,-0.45745849609375,-0.12701416015625,-0.14141845703125
14805,58100,63458,63250,0.90362548828125,-0.453857421875,-0.1268310546875,-0.1395263671875
14845,58169,63457,63283,0.90606689453125,-0.44964599609375,-0.12689208984375,-0.13751220703125
14890,58249,63451,63318,0.9088134765625,-0.44476318359375,-0.12725830078125,-0.1353759765625
14938,58338,63442,63354,0.9117431640625,-0.4393310546875,-0.1278076171875,-0.1331787109375
14989,58435,63429,63391,0.91485595703125,-0.43341064453125,-0.12860107421875,-0.13092041015625
15042,58540,63413,63428,0.9180908203125,-0.427001953125,-0.12957763671875,-0.128662109375
15098,58655,63394,63466,0.9215087890625,-0.41998291015625,-0.1307373046875,-0.1263427734375
15157,58776,63373,63503,0.92510986328125,-0.41259765625,-0.13201904296875,-0.12408447265625
15218,58905,63352,63538,0.9288330078125,-0.40472412109375,-0.13330078125,-0.1219482421875
15281,59041,63331,63571,0.93267822265625,-0.39642333984375,-0.13458251953125,-0.11993408203125
15345,59184,63311,63601,0.93658447265625,-0.3876953125,-0.13580322265625,-0.11810302734375
15412,59337,63298,63627,0.940673828125,-0.37835693359375,-0.1365966796875,-0.11651611328125
15477,59493,63286,63650,0.94464111328125,-0.36883544921875,-0.1373291015625,-0.1151123046875
15540,59650,63271,63672,0.948486328125,-0.3592529296875,-0.13824462890625,-0.11376953125
15600,59805,63255,63689,0.9521484375,-0.34979248046875,-0.13922119140625,-0.11273193359375
15660,59964,63243,63704,0.955810546875,-0.340087890625,-0.13995361328125,-0.11181640625
15719,60125,63231,63717,0.95941162109375,-0.33026123046875,-0.14068603515625,-0.11102294921875
15773,60285,63217,63729,0.96270751953125,-0.32049560546875,-0.14154052734375,-0.11029052734375
15826,60443,63205,63737,0.9659423828125,-0.31085205078125,-0.14227294921875,-0.10980224609375
15876,60600,63194,63745,0.968994140625,-0.30126953125,-0.1429443359375,-0.10931396484375
15925,60754,63183,63751,0.97198486328125,-0.2918701171875,-0.14361572265625,-0.10894775390625
15971,60910,63178,63756,0.97479248046875,-0.2823486328125,-0.1439208984375,-0.108642578125
16013,61060,63167,63761,0.97735595703125,-0.273193359375,-0.14459228515625,-0.10833740234375
16052,61205,63153,63767,0.979736328125,-0.26434326171875,-0.14544677734375,-0.10797119140625
16090,61347,63136,63773,0.9820556640625,-0.25567626953125,-0.146484375,-0.10760498046875
16127,61492,63117,63779,0.98431396484375,-0.246826171875,-0.14764404296875,-0.10723876953125
16166,61649,63103,63785,0.9866943359375,-0.23724365234375,-0.14849853515625,-0.10687255859375
16206,61817,63095,63789,0.9891357421875,-0.22698974609375,-0.14898681640625,-0.10662841796875
16245,61990,63087,63791,0.99151611328125,-0.2164306640625,-0.14947509765625,-0.10650634765625
16284,62169,63085,63790,0.993896484375,-0.20550537109375,-0.14959716796875,-0.1065673828125
16325,62362,63097,63785,0.99639892578125,-0.1937255859375,-0.14886474609375,-0.10687255859375
16369,62576,63120,63774,0.99908447265625,-0.1806640625,-0.1474609375,-0.1075439453125
16412,62800,63149,63760,1.001708984375,-0.1669921875,-0.14569091796875,-0.1083984375
16453,63026,63189,63740,1.00421142578125,-0.1531982421875,-0.14324951171875,-0.109619140625
16492,63257,63241,63713,1.006591796875,-0.13909912109375,-0.14007568359375,-0.11126708984375
16527,63490,63292,63687,1.00872802734375,-0.1248779296875,-0.136962890625,-0.11285400390625
16559,63723,63339,63664,1.01068115234375,-0.11065673828125,-0.13409423828125,-0.1142578125
16585,63949,63380,63644,1.01226806640625,-0.09686279296875,-0.131591796875,-0.115478515625
16606,64159,63412,63629,1.0135498046875,-0.08404541015625,-0.129638671875,-0.11639404296875
16622,64344,63429,63626,1.0145263671875,-0.07275390625,-0.12860107421875,-0.1165771484375
16635,64516,63441,63636,1.01531982421875,-0.062255859375,-0.12786865234375,-0.115966796875
16649,64685,63453,63664,1.01617431640625,-0.05194091796875,-0.12713623046875,-0.1142578125
16665,64861,63464,63713,1.01715087890625,-0.04119873046875,-0.12646484375,-0.11126708984375
16680,65076,63462,63783,1.01806640625,-0.028076171875,-0.1265869140625,-0.10699462890625
16692,65289,63456,63852,1.018798828125,-0.01507568359375,-0.126953125,-0.102783203125
16702,65503,63462,63919,1.0194091796875,-0.00201416015625,-0.1265869140625,-0.09869384765625
16710,182,63476,63988,1.0198974609375,0.0111083984375,-0.125732421875,-0.094482421875
16716,400,63488,64067,1.020263671875,0.0244140625,-0.125,-0.08966064453125
16720,614,63514,64171,1.0205078125,0.0374755859375,-0.1234130859375,-0.08331298828125
16715,814,63449,64287,1.02020263671875,0.0496826171875,-0.12738037109375,-0.07623291015625
16703,941,63323,64399,1.01947021484375,0.05743408203125,-0.13507080078125,-0.06939697265625
16690,1033,63196,64512,1.0186767578125,0.06304931640625,-0.142822265625,-0.0625
16676,1103,63068,64625,1.017822265625,0.06732177734375,-0.150634765625,-0.05560302734375
16662,1147,62953,64726,1.0169677734375,0.07000732421875,-0.15765380859375,-0.0494384765625
16647,1200,62853,64815,1.01605224609375,0.0732421875,-0.16375732421875,-0.04400634765625
16636,1248,62784,64892,1.015380859375,0.076171875,-0.16796875,-0.039306640625
16630,1276,62750,64958,1.0150146484375,0.077880859375,-0.1700439453125,-0.0352783203125
16634,1260,62761,65010,1.0152587890625,0.076904296875,-0.16937255859375,-0.0321044921875
16640,1240,62790,65054,1.015625,0.07568359375,-0.1676025390625,-0.0294189453125
16646,1225,62823,65093,1.0159912109375,0.07476806640625,-0.16558837890625,-0.02703857421875
16650,1229,62852,65128,1.0162353515625,0.07501220703125,-0.163818359375,-0.02490234375
16652,1242,62874,65155,1.016357421875,0.0758056640625,-0.1624755859375,-0.02325439453125
16656,1232,62897,65173,1.0166015625,0.0751953125,-0.16107177734375,-0.02215576171875
16663,1176,62923,65178,1.01702880859375,0.07177734375,-0.15948486328125,-0.0218505859375
16673,1076,62949,65173,1.01763916015625,0.065673828125,-0.15789794921875,-0.02215576171875
16682,960,62971,65159,1.0181884765625,0.05859375,-0.15655517578125,-0.02301025390625
16677,889,62926,65127,1.01788330078125,0.05426025390625,-0.1593017578125,-0.02496337890625
16672,813,62879,65090,1.017578125,0.04962158203125,-0.16217041015625,-0.0272216796875
16667,729,62837,65049,1.01727294921875,0.04449462890625,-0.16473388671875,-0.02972412109375
16664,649,62809,65009,1.01708984375,0.03961181640625,-0.16644287109375,-0.03216552734375
16662,584,62789,64977,1.0169677734375,0.03564453125,-0.16766357421875,-0.03411865234375
16658,534,62761,64956,1.0167236328125,0.0325927734375,-0.16937255859375,-0.035400390625
16649,497,62711,64946,1.01617431640625,0.03033447265625,-0.17242431640625,-0.0360107421875
16635,475,62630,64950,1.01531982421875,0.02899169921875,-0.1773681640625,-0.0357666015625
16618,463,62534,64965,1.0142822265625,0.02825927734375,-0.1832275390625,-0.03485107421875
16598,460,62422,64990,1.0130615234375,0.028076171875,-0.1900634765625,-0.0333251953125
16574,459,62295,65024,1.0115966796875,0.02801513671875,-0.19781494140625,-0.03125
16548,435,62157,65061,1.010009765625,0.02655029296875,-0.20623779296875,-0.02899169921875
16522,386,62023,65095,1.0084228515625,0.0235595703125,-0.21441650390625,-0.02691650390625
16496,317,61895,65119,1.0068359375,0.01934814453125,-0.22222900390625,-0.02545166015625
16468,232,61763,65131,1.005126953125,0.01416015625,-0.23028564453125,-0.02471923828125
16435,128,61616,65123,1.00311279296875,0.0078125,-0.2392578125,-0.02520751953125
16396,8,61459,65103,1.000732421875,0.00048828125,-0.24884033203125,-0.02642822265625
16351,65401,61290,65071,0.99798583984375,-0.00823974609375,-0.2591552734375,-0.02838134765625
16300,65230,61110,65025,0.994873046875,-0.0186767578125,-0.2701416015625,-0.03118896484375
16237,65024,60907,64962,0.99102783203125,-0.03125,-0.28253173828125,-0.0350341796875
16169,64807,60704,64896,0.98687744140625,-0.04449462890625,-0.294921875,-0.0390625
16094,64600,60503,64830,0.9822998046875,-0.05712890625,-0.30718994140625,-0.0430908203125
16020,64487,60299,64786,0.977783203125,-0.06402587890625,-0.31964111328125,-0.0457763671875
15947,64448,60093,64773,0.97332763671875,-0.06640625,-0.33221435546875,-0.04656982421875
15871,64412,59885,64770,0.96868896484375,-0.068603515625,-0.34490966796875,-0.0467529296875
15796,64374,59683,64769,0.964111328125,-0.0709228515625,-0.35723876953125,-0.04681396484375
15733,64353,59521,64770,0.96026611328125,-0.07220458984375,-0.36712646484375,-0.0467529296875
15678,64342,59381,64775,0.9569091796875,-0.0728759765625,-0.37567138671875,-0.04644775390625
15627,64332,59255,64782,0.95379638671875,-0.073486328125,-0.38336181640625,-0.0460205078125
15577,64312,59135,64788,0.95074462890625,-0.07470703125,-0.39068603515625,-0.045654296875
15526,64285,59013,64794,0.9476318359375,-0.07635498046875,-0.39813232421875,-0.0452880859375
15473,64263,58890,64802,0.94439697265625,-0.07769775390625,-0.4056396484375,-0.0447998046875
15415,64233,58764,64807,0.94085693359375,-0.07952880859375,-0.413330078125,-0.04449462890625
15351,64183,58634,64805,0.93695068359375,-0.08258056640625,-0.4212646484375,-0.04461669921875
15279,64100,58496,64793,0.93255615234375,-0.087646484375,-0.4296875,-0.04534912109375
15199,63996,58352,64771,0.92767333984375,-0.093994140625,-0.4384765625,-0.04669189453125
15110,63877,58199,64741,0.9222412109375,-0.10125732421875,-0.44781494140625,-0.04852294921875
15017,63757,58041,64706,0.91656494140625,-0.10858154296875,-0.45745849609375,-0.0506591796875
14917,63637,57880,64663,0.91046142578125,-0.11590576171875,-0.46728515625,-0.05328369140625
14817,63520,57722,64617,0.90435791015625,-0.123046875,-0.4769287109375,-0.05609130859375
14716,63418,57563,64572,0.898193359375,-0.1292724609375,-0.48663330078125,-0.058837890625
14617,63336,57409,64530,0.89215087890625,-0.13427734375,-0.49603271484375,-0.0614013671875
14523,63274,57257,64494,0.88641357421875,-0.1380615234375,-0.50531005859375,-0.0635986328125
14430,63222,57111,64458,0.8807373046875,-0.1412353515625,-0.51422119140625,-0.0657958984375
14336,63162,56970,64418,0.875,-0.1448974609375,-0.5228271484375,-0.0682373046875
14242,63077,56839,64366,0.8692626953125,-0.15008544921875,-0.53082275390625,-0.0714111328125
14147,62982,56720,64306,0.86346435546875,-0.1558837890625,-0.5380859375,-0.0750732421875
14053,62906,56604,64255,0.85772705078125,-0.1605224609375,-0.545166015625,-0.07818603515625
13959,62845,56487,64217,0.85198974609375,-0.16424560546875,-0.55230712890625,-0.08050537109375
13866,62793,56369,64188,0.8463134765625,-0.16741943359375,-0.55950927734375,-0.082275390625
13774,62745,56254,64165,0.8406982421875,-0.17034912109375,-0.5665283203125,-0.08367919921875
13685,62699,56140,64145,0.83526611328125,-0.17315673828125,-0.573486328125,-0.08489990234375
13599,62660,56030,64128,0.83001708984375,-0.175537109375,-0.5802001953125,-0.0859375
13515,62626,55924,64115,0.82489013671875,-0.1776123046875,-0.586669921875,-0.08673095703125
13433,62596,55817,64105,0.81988525390625,-0.179443359375,-0.59320068359375,-0.08734130859375
13356,62566,55718,64092,0.815185546875,-0.1812744140625,-0.5992431640625,-0.088134765625
13284,62540,55628,64079,0.810791015625,-0.182861328125,-0.604736328125,-0.08892822265625
13217,62522,55541,64071,0.80670166015625,-0.1839599609375,-0.61004638671875,-0.08941650390625
13156,62506,55463,64067,0.802978515625,-0.1849365234375,-0.61480712890625,-0.08966064453125
13117,62495,55409,64085,0.80059814453125,-0.18560791015625,-0.61810302734375,-0.08856201171875
13079,62483,55363,64110,0.79827880859375,-0.18634033203125,-0.62091064453125,-0.0870361328125
13044,62469,55318,64138,0.796142578125,-0.18719482421875,-0.6236572265625,-0.0853271484375
13010,62454,55272,64168,0.7940673828125,-0.1881103515625,-0.62646484375,-0.08349609375
12972,62441,55228,64198,0.791748046875,-0.18890380859375,-0.629150390625,-0.0816650390625
12932,62428,55183,64228,0.789306640625,-0.189697265625,-0.63189697265625,-0.079833984375
